﻿INSERT [dbo].[AspNetUsers]  ([Id], [JoinDate], [Email], [EmailConfirmed], [PasswordHash], [SecurityStamp], [PhoneNumber], [PhoneNumberConfirmed], [TwoFactorEnabled], [LockoutEndDateUtc], [LockoutEnabled], [AccessFailedCount], [UserName], [IsPasswordTemp]) 
VALUES (N'A1824F35-DACA-4571-9B04-43130CD9CA33', CAST(N'2016-12-14 00:00:00.000' AS DateTime), N'seller1@seller.ru', 1, N'AHaqAzx0PRwUWv0X4hOtpzHFOWiRJQoncS8cmWOzPhDkk23V2bcIexq8+AvkzYBQLg==', N'2008f2e8-861e-493b-9670-4d5471b1dc9f', NULL, 0, 0, NULL, 0, 0, N'Seller1', 0)
INSERT [dbo].[AspNetUsers]  ([Id], [JoinDate], [Email], [EmailConfirmed], [PasswordHash], [SecurityStamp], [PhoneNumber], [PhoneNumberConfirmed], [TwoFactorEnabled], [LockoutEndDateUtc], [LockoutEnabled], [AccessFailedCount], [UserName], [IsPasswordTemp]) 
VALUES (N'29223D71-4E64-45D0-B48E-27FEEFC33426', CAST(N'2016-12-14 00:00:00.000' AS DateTime), N'seller2@seller.ru', 1, N'AHaqAzx0PRwUWv0X4hOtpzHFOWiRJQoncS8cmWOzPhDkk23V2bcIexq8+AvkzYBQLg==', N'2008f2e8-861e-493b-9670-4d5471b1dc9f', NULL, 0, 0, NULL, 0, 0, N'Seller2', 0)
INSERT [dbo].[AspNetUsers]  ([Id], [JoinDate], [Email], [EmailConfirmed], [PasswordHash], [SecurityStamp], [PhoneNumber], [PhoneNumberConfirmed], [TwoFactorEnabled], [LockoutEndDateUtc], [LockoutEnabled], [AccessFailedCount], [UserName], [IsPasswordTemp]) 
VALUES (N'31F5579B-733B-42AE-99C0-3E1C86AC5A59', CAST(N'2016-12-14 00:00:00.000' AS DateTime), N'seller3@seller.ru', 1, N'AHaqAzx0PRwUWv0X4hOtpzHFOWiRJQoncS8cmWOzPhDkk23V2bcIexq8+AvkzYBQLg==', N'2008f2e8-861e-493b-9670-4d5471b1dc9f', NULL, 0, 0, NULL, 0, 0, N'Seller3', 0)
INSERT [dbo].[AspNetUsers]  ([Id], [JoinDate], [Email], [EmailConfirmed], [PasswordHash], [SecurityStamp], [PhoneNumber], [PhoneNumberConfirmed], [TwoFactorEnabled], [LockoutEndDateUtc], [LockoutEnabled], [AccessFailedCount], [UserName], [IsPasswordTemp]) 
VALUES (N'BFF72F01-DCBD-409E-98FE-3DC1025EF277', CAST(N'2016-12-14 00:00:00.000' AS DateTime), N'seller4@seller.ru', 1, N'AHaqAzx0PRwUWv0X4hOtpzHFOWiRJQoncS8cmWOzPhDkk23V2bcIexq8+AvkzYBQLg==', N'2008f2e8-861e-493b-9670-4d5471b1dc9f', NULL, 0, 0, NULL, 0, 0, N'Seller4', 0)
INSERT [dbo].[AspNetUsers]  ([Id], [JoinDate], [Email], [EmailConfirmed], [PasswordHash], [SecurityStamp], [PhoneNumber], [PhoneNumberConfirmed], [TwoFactorEnabled], [LockoutEndDateUtc], [LockoutEnabled], [AccessFailedCount], [UserName], [IsPasswordTemp]) 
VALUES (N'E6433D0B-0300-4933-80F2-5164D0C1CE63', CAST(N'2016-12-14 00:00:00.000' AS DateTime), N'seller5@seller.ru', 1, N'AHaqAzx0PRwUWv0X4hOtpzHFOWiRJQoncS8cmWOzPhDkk23V2bcIexq8+AvkzYBQLg==', N'2008f2e8-861e-493b-9670-4d5471b1dc9f', NULL, 0, 0, NULL, 0, 0, N'Seller5', 0)
INSERT [dbo].[AspNetUsers]  ([Id], [JoinDate], [Email], [EmailConfirmed], [PasswordHash], [SecurityStamp], [PhoneNumber], [PhoneNumberConfirmed], [TwoFactorEnabled], [LockoutEndDateUtc], [LockoutEnabled], [AccessFailedCount], [UserName], [IsPasswordTemp]) 
VALUES (N'DB31FED5-0FA0-480C-BB03-7633D6EE9FAD', CAST(N'2016-12-14 00:00:00.000' AS DateTime), N'seller6@seller.ru', 1, N'AHaqAzx0PRwUWv0X4hOtpzHFOWiRJQoncS8cmWOzPhDkk23V2bcIexq8+AvkzYBQLg==', N'2008f2e8-861e-493b-9670-4d5471b1dc9f', NULL, 0, 0, NULL, 0, 0, N'Seller6', 0)
INSERT [dbo].[AspNetUsers]  ([Id], [JoinDate], [Email], [EmailConfirmed], [PasswordHash], [SecurityStamp], [PhoneNumber], [PhoneNumberConfirmed], [TwoFactorEnabled], [LockoutEndDateUtc], [LockoutEnabled], [AccessFailedCount], [UserName], [IsPasswordTemp]) 
VALUES (N'1322CB85-F57B-41DE-9E75-E921D507F2AC', CAST(N'2016-12-14 00:00:00.000' AS DateTime), N'region7@region.ru', 1, N'AHaqAzx0PRwUWv0X4hOtpzHFOWiRJQoncS8cmWOzPhDkk23V2bcIexq8+AvkzYBQLg==', N'2008f2e8-861e-493b-9670-4d5471b1dc9f', NULL, 0, 0, NULL, 0, 0, N'Region7', 0)

INSERT [dbo].[UsersProfiles] ([Id], [Title], [Email], [FirstName], [LastName], [SyncCode1C], [Showroom_Id], [LinkId], [CityId])
VALUES (N'A1824F35-DACA-4571-9B04-43130CD9CA33', 'seller1', N'seller1@seller.ru', N'Seller1', NULL, NULL, NULL, N'64eb97e7-5cde-4dcb-9cc1-03bef9c1b5cc', NULL)
INSERT [dbo].[UsersProfiles] ([Id], [Title], [Email], [FirstName], [LastName], [SyncCode1C], [Showroom_Id], [LinkId], [CityId])
VALUES (N'29223D71-4E64-45D0-B48E-27FEEFC33426', 'seller2', N'seller2@seller.ru', N'Seller2', NULL, NULL, NULL, N'64eb97e7-5cde-4dcb-9cc1-03bef9c1b5cc', NULL)
INSERT [dbo].[UsersProfiles] ([Id], [Title], [Email], [FirstName], [LastName], [SyncCode1C], [Showroom_Id], [LinkId], [CityId])
VALUES (N'31F5579B-733B-42AE-99C0-3E1C86AC5A59', 'seller3', N'seller3@seller.ru', N'Seller3', NULL, NULL, NULL, N'64eb97e7-5cde-4dcb-9cc1-03bef9c1b5cc', NULL)
INSERT [dbo].[UsersProfiles] ([Id], [Title], [Email], [FirstName], [LastName], [SyncCode1C], [Showroom_Id], [LinkId], [CityId])
VALUES (N'BFF72F01-DCBD-409E-98FE-3DC1025EF277', 'seller4', N'seller4@seller.ru', N'Seller4', NULL, NULL, NULL, N'64eb97e7-5cde-4dcb-9cc1-03bef9c1b5cc', NULL)
INSERT [dbo].[UsersProfiles] ([Id], [Title], [Email], [FirstName], [LastName], [SyncCode1C], [Showroom_Id], [LinkId], [CityId])
VALUES (N'E6433D0B-0300-4933-80F2-5164D0C1CE63', 'seller5', N'seller5@seller.ru', N'Seller5', NULL, NULL, NULL, N'64eb97e7-5cde-4dcb-9cc1-03bef9c1b5cc', NULL)
INSERT [dbo].[UsersProfiles] ([Id], [Title], [Email], [FirstName], [LastName], [SyncCode1C], [Showroom_Id], [LinkId], [CityId])
VALUES (N'DB31FED5-0FA0-480C-BB03-7633D6EE9FAD', 'seller6', N'seller6@seller.ru', N'Seller6', NULL, NULL, NULL, N'64eb97e7-5cde-4dcb-9cc1-03bef9c1b5cc', NULL)
INSERT [dbo].[UsersProfiles] ([Id], [Title], [Email], [FirstName], [LastName], [SyncCode1C], [Showroom_Id], [LinkId], [CityId])
VALUES (N'1322CB85-F57B-41DE-9E75-E921D507F2AC', 'seller7', N'region7@region.ru', N'Seller7', NULL, NULL, NULL, N'64eb97e7-5cde-4dcb-9cc1-03bef9c1b5cc', NULL)


INSERT [dbo].[AspNetUserRoles] ([UserId], [RoleId]) VALUES (N'A1824F35-DACA-4571-9B04-43130CD9CA33', N'208AB2A2-C988-41FC-9A53-ED1429CC3E56')
INSERT [dbo].[AspNetUserRoles] ([UserId], [RoleId]) VALUES (N'A1824F35-DACA-4571-9B04-43130CD9CA33', N'208AB2A2-C988-41FC-9A53-ED1429CC3E56')
INSERT [dbo].[AspNetUserRoles] ([UserId], [RoleId]) VALUES (N'31F5579B-733B-42AE-99C0-3E1C86AC5A59', N'208AB2A2-C988-41FC-9A53-ED1429CC3E56')
INSERT [dbo].[AspNetUserRoles] ([UserId], [RoleId]) VALUES (N'BFF72F01-DCBD-409E-98FE-3DC1025EF277', N'208AB2A2-C988-41FC-9A53-ED1429CC3E56')
INSERT [dbo].[AspNetUserRoles] ([UserId], [RoleId]) VALUES (N'E6433D0B-0300-4933-80F2-5164D0C1CE63', N'208AB2A2-C988-41FC-9A53-ED1429CC3E56')
INSERT [dbo].[AspNetUserRoles] ([UserId], [RoleId]) VALUES (N'DB31FED5-0FA0-480C-BB03-7633D6EE9FAD', N'208AB2A2-C988-41FC-9A53-ED1429CC3E56')
INSERT [dbo].[AspNetUserRoles] ([UserId], [RoleId]) VALUES (N'1322CB85-F57B-41DE-9E75-E921D507F2AC', N'4C418F3C-BF90-4998-8D5C-7D3465FC59B3')

INSERT [dbo].[UserProfileRegions] ([UserProfile_Id], [Region_Id]) VALUES (N'A1824F35-DACA-4571-9B04-43130CD9CA33', N'5E5C67F2-58B4-4610-8CC5-FB9964524866')
INSERT [dbo].[UserProfileRegions] ([UserProfile_Id], [Region_Id]) VALUES (N'A1824F35-DACA-4571-9B04-43130CD9CA33', N'5E5C67F2-58B4-4610-8CC5-FB9964524866')
INSERT [dbo].[UserProfileRegions] ([UserProfile_Id], [Region_Id]) VALUES (N'31F5579B-733B-42AE-99C0-3E1C86AC5A59', N'5E5C67F2-58B4-4610-8CC5-FB9964524866')
INSERT [dbo].[UserProfileRegions] ([UserProfile_Id], [Region_Id]) VALUES (N'BFF72F01-DCBD-409E-98FE-3DC1025EF277', N'5E5C67F2-58B4-4610-8CC5-FB9964524866')
INSERT [dbo].[UserProfileRegions] ([UserProfile_Id], [Region_Id]) VALUES (N'E6433D0B-0300-4933-80F2-5164D0C1CE63', N'5E5C67F2-58B4-4610-8CC5-FB9964524866')
INSERT [dbo].[UserProfileRegions] ([UserProfile_Id], [Region_Id]) VALUES (N'DB31FED5-0FA0-480C-BB03-7633D6EE9FAD', N'5E5C67F2-58B4-4610-8CC5-FB9964524866')
INSERT [dbo].[UserProfileRegions] ([UserProfile_Id], [Region_Id]) VALUES (N'1322CB85-F57B-41DE-9E75-E921D507F2AC', N'5E5C67F2-58B4-4610-8CC5-FB9964524866')

INSERT [dbo].[Showrooms] ([Id], [Title], [CodeAddress], [CodeCity], [SyncCode1C], [RegionId], [CityId])
VALUES (N'64eb97e7-5cde-4dcb-9cc1-03bef9c1b5cc', N'Showroom1', null, null, null, N'5E5C67F2-58B4-4610-8CC5-FB9964524866', N'2D6ACC56-A295-4894-BCBE-9A34E05E6E70')

--more regions users

USE [Lazurit]
INSERT [dbo].[AspNetUsers]  ([Id], [JoinDate], [Email], [EmailConfirmed], [PasswordHash], [SecurityStamp], [PhoneNumber], [PhoneNumberConfirmed], [TwoFactorEnabled], [LockoutEndDateUtc], [LockoutEnabled], [AccessFailedCount], [UserName], [IsPasswordTemp]) 
VALUES (N'01124F31-DACA-4571-2222-43130CD9CA33', CAST(N'2016-12-14 00:00:00.000' AS DateTime), N'Region1@region.ru', 1, N'AHaqAzx0PRwUWv0X4hOtpzHFOWiRJQoncS8cmWOzPhDkk23V2bcIexq8+AvkzYBQLg==', N'2008f2e8-861e-493b-9670-4d5471b1dc9f', NULL, 0, 0, NULL, 0, 0, N'Region-1', 0)
INSERT [dbo].[AspNetUsers]  ([Id], [JoinDate], [Email], [EmailConfirmed], [PasswordHash], [SecurityStamp], [PhoneNumber], [PhoneNumberConfirmed], [TwoFactorEnabled], [LockoutEndDateUtc], [LockoutEnabled], [AccessFailedCount], [UserName], [IsPasswordTemp]) 
VALUES (N'09323D72-4E64-45D0-2222-27FEEFC33426', CAST(N'2016-12-14 00:00:00.000' AS DateTime), N'Region2@region.ru', 1, N'AHaqAzx0PRwUWv0X4hOtpzHFOWiRJQoncS8cmWOzPhDkk23V2bcIexq8+AvkzYBQLg==', N'2008f2e8-861e-493b-9670-4d5471b1dc9f', NULL, 0, 0, NULL, 0, 0, N'Region-2', 0)
INSERT [dbo].[AspNetUsers]  ([Id], [JoinDate], [Email], [EmailConfirmed], [PasswordHash], [SecurityStamp], [PhoneNumber], [PhoneNumberConfirmed], [TwoFactorEnabled], [LockoutEndDateUtc], [LockoutEnabled], [AccessFailedCount], [UserName], [IsPasswordTemp]) 
VALUES (N'01F55793-733B-42AE-2222-3E1C86AC5A59', CAST(N'2016-12-14 00:00:00.000' AS DateTime), N'Region3@region.ru', 1, N'AHaqAzx0PRwUWv0X4hOtpzHFOWiRJQoncS8cmWOzPhDkk23V2bcIexq8+AvkzYBQLg==', N'2008f2e8-861e-493b-9670-4d5471b1dc9f', NULL, 0, 0, NULL, 0, 0, N'Region-3', 0)
INSERT [dbo].[AspNetUsers]  ([Id], [JoinDate], [Email], [EmailConfirmed], [PasswordHash], [SecurityStamp], [PhoneNumber], [PhoneNumberConfirmed], [TwoFactorEnabled], [LockoutEndDateUtc], [LockoutEnabled], [AccessFailedCount], [UserName], [IsPasswordTemp]) 
VALUES (N'0FF74F04-DCBD-409E-2222-3DC1025EF277', CAST(N'2016-12-14 00:00:00.000' AS DateTime), N'Region4@region.ru', 1, N'AHaqAzx0PRwUWv0X4hOtpzHFOWiRJQoncS8cmWOzPhDkk23V2bcIexq8+AvkzYBQLg==', N'2008f2e8-861e-493b-9670-4d5471b1dc9f', NULL, 0, 0, NULL, 0, 0, N'Region-4', 0)
INSERT [dbo].[AspNetUsers]  ([Id], [JoinDate], [Email], [EmailConfirmed], [PasswordHash], [SecurityStamp], [PhoneNumber], [PhoneNumberConfirmed], [TwoFactorEnabled], [LockoutEndDateUtc], [LockoutEnabled], [AccessFailedCount], [UserName], [IsPasswordTemp]) 
VALUES (N'06533D05-0300-4933-2222-5164D0C1CE63', CAST(N'2016-12-14 00:00:00.000' AS DateTime), N'Region5@region.ru', 1, N'AHaqAzx0PRwUWv0X4hOtpzHFOWiRJQoncS8cmWOzPhDkk23V2bcIexq8+AvkzYBQLg==', N'2008f2e8-861e-493b-9670-4d5471b1dc9f', NULL, 0, 0, NULL, 0, 0, N'Region-5', 0)
INSERT [dbo].[AspNetUsers]  ([Id], [JoinDate], [Email], [EmailConfirmed], [PasswordHash], [SecurityStamp], [PhoneNumber], [PhoneNumberConfirmed], [TwoFactorEnabled], [LockoutEndDateUtc], [LockoutEnabled], [AccessFailedCount], [UserName], [IsPasswordTemp]) 
VALUES (N'0B32FED6-0FA0-480C-2222-7633D6EE9FAD', CAST(N'2016-12-14 00:00:00.000' AS DateTime), N'Region6@region.ru', 1, N'AHaqAzx0PRwUWv0X4hOtpzHFOWiRJQoncS8cmWOzPhDkk23V2bcIexq8+AvkzYBQLg==', N'2008f2e8-861e-493b-9670-4d5471b1dc9f', NULL, 0, 0, NULL, 0, 0, N'Region-6', 0)

INSERT [dbo].[UsersProfiles] ([Id], [Title], [Email], [FirstName], [LastName], [SyncCode1C], [Showroom_Id], [LinkId], [CityId])
VALUES (N'01124F31-DACA-4571-2222-43130CD9CA33', 'region1', N'Region1@region.ru', N'Регион1', NULL, NULL, N'11eb97e7-5cde-4dcb-2222-03bef9c1b5cc', N'11eb97e7-5cde-4dcb-2222-03bef9c1b5cc', NULL)
INSERT [dbo].[UsersProfiles] ([Id], [Title], [Email], [FirstName], [LastName], [SyncCode1C], [Showroom_Id], [LinkId], [CityId])
VALUES (N'09323D72-4E64-45D0-2222-27FEEFC33426', 'region2', N'Region2@region.ru', N'Регион2', NULL, NULL, N'11eb97e7-5cde-4dcb-2222-03bef9c1b5cc', N'11eb97e7-5cde-4dcb-2222-03bef9c1b5cc', NULL)
INSERT [dbo].[UsersProfiles] ([Id], [Title], [Email], [FirstName], [LastName], [SyncCode1C], [Showroom_Id], [LinkId], [CityId])
VALUES (N'01F55793-733B-42AE-2222-3E1C86AC5A59', 'region3', N'Region3@region.ru', N'Регион3', NULL, NULL, N'11eb97e7-5cde-4dcb-2222-03bef9c1b5cc', N'11eb97e7-5cde-4dcb-2222-03bef9c1b5cc', NULL)
INSERT [dbo].[UsersProfiles] ([Id], [Title], [Email], [FirstName], [LastName], [SyncCode1C], [Showroom_Id], [LinkId], [CityId])
VALUES (N'0FF74F04-DCBD-409E-2222-3DC1025EF277', 'region4', N'Region4@region.ru', N'Регион4', NULL, NULL, N'11eb97e7-5cde-4dcb-2222-03bef9c1b5cc', N'11eb97e7-5cde-4dcb-2222-03bef9c1b5cc', NULL)
INSERT [dbo].[UsersProfiles] ([Id], [Title], [Email], [FirstName], [LastName], [SyncCode1C], [Showroom_Id], [LinkId], [CityId])
VALUES (N'06533D05-0300-4933-2222-5164D0C1CE63', 'region5', N'Region5@region.ru', N'Регион5', NULL, NULL, N'11eb97e7-5cde-4dcb-2222-03bef9c1b5cc', N'11eb97e7-5cde-4dcb-2222-03bef9c1b5cc', NULL)
INSERT [dbo].[UsersProfiles] ([Id], [Title], [Email], [FirstName], [LastName], [SyncCode1C], [Showroom_Id], [LinkId], [CityId])
VALUES (N'0B32FED6-0FA0-480C-2222-7633D6EE9FAD', 'region6', N'Region6@region.ru', N'Регион6', NULL, NULL, N'11eb97e7-5cde-4dcb-2222-03bef9c1b5cc', N'11eb97e7-5cde-4dcb-2222-03bef9c1b5cc', NULL)

INSERT [dbo].[AspNetUserRoles] ([UserId], [RoleId]) VALUES (N'01124F31-DACA-4571-2222-43130CD9CA33', N'4C418F3C-BF90-4998-8D5C-7D3465FC59B3')
INSERT [dbo].[AspNetUserRoles] ([UserId], [RoleId]) VALUES (N'09323D72-4E64-45D0-2222-27FEEFC33426', N'4C418F3C-BF90-4998-8D5C-7D3465FC59B3')
INSERT [dbo].[AspNetUserRoles] ([UserId], [RoleId]) VALUES (N'01F55793-733B-42AE-2222-3E1C86AC5A59', N'4C418F3C-BF90-4998-8D5C-7D3465FC59B3')
INSERT [dbo].[AspNetUserRoles] ([UserId], [RoleId]) VALUES (N'0FF74F04-DCBD-409E-2222-3DC1025EF277', N'4C418F3C-BF90-4998-8D5C-7D3465FC59B3')
INSERT [dbo].[AspNetUserRoles] ([UserId], [RoleId]) VALUES (N'06533D05-0300-4933-2222-5164D0C1CE63', N'4C418F3C-BF90-4998-8D5C-7D3465FC59B3')
INSERT [dbo].[AspNetUserRoles] ([UserId], [RoleId]) VALUES (N'0B32FED6-0FA0-480C-2222-7633D6EE9FAD', N'4C418F3C-BF90-4998-8D5C-7D3465FC59B3')

INSERT [dbo].[UserProfileRegions] ([UserProfile_Id], [Region_Id]) VALUES (N'01124F31-DACA-4571-2222-43130CD9CA33', N'5E5C67F2-58B4-4610-8CC5-FB9964524866')
INSERT [dbo].[UserProfileRegions] ([UserProfile_Id], [Region_Id]) VALUES (N'09323D72-4E64-45D0-2222-27FEEFC33426', N'5E5C67F2-58B4-4610-8CC5-FB9964524866')
INSERT [dbo].[UserProfileRegions] ([UserProfile_Id], [Region_Id]) VALUES (N'01F55793-733B-42AE-2222-3E1C86AC5A59', N'5E5C67F2-58B4-4610-8CC5-FB9964524866')
INSERT [dbo].[UserProfileRegions] ([UserProfile_Id], [Region_Id]) VALUES (N'0FF74F04-DCBD-409E-2222-3DC1025EF277', N'5E5C67F2-58B4-4610-8CC5-FB9964524866')
INSERT [dbo].[UserProfileRegions] ([UserProfile_Id], [Region_Id]) VALUES (N'06533D05-0300-4933-2222-5164D0C1CE63', N'5E5C67F2-58B4-4610-8CC5-FB9964524866')
INSERT [dbo].[UserProfileRegions] ([UserProfile_Id], [Region_Id]) VALUES (N'0B32FED6-0FA0-480C-2222-7633D6EE9FAD', N'5E5C67F2-58B4-4610-8CC5-FB9964524866')

INSERT [dbo].[Showrooms] ([Id], [Title], [CodeAddress], [CodeCity], [SyncCode1C], [RegionId], [CityId])
VALUES (N'11eb97e7-5cde-4dcb-2222-03bef9c1b5cc', N'Магазин №1', null, null, null, N'5E5C67F2-58B4-4610-8CC5-FB9964524866', N'2D6ACC56-A295-4894-BCBE-9A34E05E6E70')