﻿
INSERT [dbo].[Properties] ([Id], [SyncCode1C], [Title], [TitleInPlural], [Alias], [AliasInPlural], [Value], [IsRequired], [IsMultiValue], [SortNumber], [GroupeId]) VALUES (N'5927fbc2-b5ea-49a4-b7fc-044d36fdcbb0', N'', N'Механизм', N'', N'', N'', N'Бесшумное закрывание', 1, 0, 3, NULL)
INSERT [dbo].[Properties] ([Id], [SyncCode1C], [Title], [TitleInPlural], [Alias], [AliasInPlural], [Value], [IsRequired], [IsMultiValue], [SortNumber], [GroupeId]) VALUES (N'c47a08b3-dcc5-4a7f-a1a7-6abb8b6dabed', N'', N'Подсветка', N'', N'', N'', N'С подсветкой', 1, 1, 1, N'32f3e0a3-7217-4292-ae9b-fdcfa5f532f1')
INSERT [dbo].[Properties] ([Id], [SyncCode1C], [Title], [TitleInPlural], [Alias], [AliasInPlural], [Value], [IsRequired], [IsMultiValue], [SortNumber], [GroupeId]) VALUES (N'9b06e94d-c98b-42fa-95b2-b40c21d1bb75', N'', N'Подсветка', N'', N'', N'', N'Без подсветки', 1, 1, 2, N'32f3e0a3-7217-4292-ae9b-fdcfa5f532f1')
INSERT [dbo].[Properties] ([Id], [SyncCode1C], [Title], [TitleInPlural], [Alias], [AliasInPlural], [Value], [IsRequired], [IsMultiValue], [SortNumber], [GroupeId]) VALUES (N'6a59b282-0de1-4534-b59d-cd41f651c366', N'', N'Левый/Правый', N'', N'', N'', N'Правый', 1, 1, 2, N'12f3e0a3-7217-4292-ae9b-fdcfa5f532f1')
INSERT [dbo].[Properties] ([Id], [SyncCode1C], [Title], [TitleInPlural], [Alias], [AliasInPlural], [Value], [IsRequired], [IsMultiValue], [SortNumber], [GroupeId]) VALUES (N'86890e55-efe0-4c12-b43b-da9b3f57f03f', N'', N'Левый/Правый', N'', N'', N'', N'Левый', 1, 1, 1, N'12f3e0a3-7217-4292-ae9b-fdcfa5f532f1')
INSERT [dbo].[Properties] ([Id], [SyncCode1C], [Title], [TitleInPlural], [Alias], [AliasInPlural], [Value], [IsRequired], [IsMultiValue], [SortNumber], [GroupeId]) VALUES (N'68cdc700-6f99-4b4a-91e9-f950b8c1b741', N'', N'Левый/Правый', N'', N'', N'', N'Универсальный', 1, 1, 3, N'12f3e0a3-7217-4292-ae9b-fdcfa5f532f1')
INSERT [dbo].[ProductPartMarkers] ([Id], [Name], [TechName], [SortNumber]) VALUES (N'2bf931cf-16c0-4d7e-b31a-3bb8f2bab435', N'Existed And No Required', N'ExistedNonRequired', 1)
INSERT [dbo].[ProductPartMarkers] ([Id], [Name], [TechName], [SortNumber]) VALUES (N'54012ac1-b525-49e7-bfc3-61cfeca81e54', N'Missing', N'Missing', 2)
INSERT [dbo].[ProductPartMarkers] ([Id], [Name], [TechName], [SortNumber]) VALUES (N'1f4dbf15-9d89-4a5e-96f9-b4d2bce6346c', N'Existed And Required', N'ExistedRequired', 0)
INSERT [dbo].[Facings] ([Id], [Name], [SyncCode1C]) VALUES (N'288b1222-d73d-4207-913b-1b9b269d1f78', N'Глянец1', N'0002')
INSERT [dbo].[Facings] ([Id], [Name], [SyncCode1C]) VALUES (N'612a42f9-2eae-4401-8631-c15a1235a4c8', N'Без отделки1', N'0003')
INSERT [dbo].[Facings] ([Id], [Name], [SyncCode1C]) VALUES (N'4b450ac9-cdd2-47be-8d52-e808919b29f0', N'Бамбук1', N'0001')

INSERT [dbo].[FurnituresTypes] ([Id], [Name], [SyncCode1C], [NameInPlural], [Alias], [AliasInPlural]) VALUES (N'ec2cbbc0-6b94-4d24-8a8e-1f2d8996167d', N'Стол1', N'Стол1', N'Столы', N'table1', 'tables')
INSERT [dbo].[FurnituresTypes] ([Id], [Name], [SyncCode1C], [NameInPlural], [Alias], [AliasInPlural]) VALUES (N'80af7bd7-1d6e-4abf-9632-a1cdb17b229d', N'Стул1', N'Стул1', N'Стулья', N'chair1', N'chairs')
INSERT [dbo].[FurnituresTypes] ([Id], [Name], [SyncCode1C], [NameInPlural], [Alias], [AliasInPlural]) VALUES (N'8410c516-3706-4161-8868-e5d4968d9dd5', N'Шкаф1', N'Шкаф1', N'Шкафы', N'cupboard1', N'cupboards')

INSERT [dbo].[Articles] ([Id], [Name], [SyncCode1C], [FurnitureTypeId]) VALUES (N'55005458-248c-4f5f-a593-7ea460ab1f1d', N'арт.05597', N'05597', N'80af7bd7-1d6e-4abf-9632-a1cdb17b229d')
INSERT [dbo].[Articles] ([Id], [Name], [SyncCode1C], [FurnitureTypeId]) VALUES (N'626ac761-e9a5-4f8c-85de-e1b3d86cdba4', N'арт.26498', N'26498', N'8410c516-3706-4161-8868-e5d4968d9dd5')
INSERT [dbo].[Articles] ([Id], [Name], [SyncCode1C], [FurnitureTypeId]) VALUES (N'32f3e0a3-7217-4292-ae9b-fdcfa5f532f1', N'арт.05385', N'05385', N'ec2cbbc0-6b94-4d24-8a8e-1f2d8996167d')

INSERT [dbo].[FacingsColors] ([Id], [Name], [SyncCode1C], [IsUniversal]) VALUES (N'2969b41d-418c-45f1-b3c5-ad11b742cb18', N'Лава1', N'0001', 0)
INSERT [dbo].[FacingsColors] ([Id], [Name], [SyncCode1C], [IsUniversal]) VALUES (N'554ba5d4-f931-4e0e-8fa7-e5223875df86', N'Карбон1', N'0003', 0)
INSERT [dbo].[FacingsColors] ([Id], [Name], [SyncCode1C], [IsUniversal]) VALUES (N'f38330c9-0e1c-4dc0-bb45-f692f8e68fb0', N'Белый1', N'0002', 0)

INSERT [dbo].[FrameColors] ([Id], [Name], [SyncCode1C]) VALUES (N'f157d159-61c1-482d-9b40-648875f278a6', N'Кедр шоколад1', N'0001')
INSERT [dbo].[FrameColors] ([Id], [Name], [SyncCode1C]) VALUES (N'68dd4ecd-5e92-41a7-bb64-b204b4f4eeaf', N'Орех светлый1', N'0002')
INSERT [dbo].[FrameColors] ([Id], [Name], [SyncCode1C]) VALUES (N'be89fe8e-cbe7-44a2-a8c2-c0f00193501a', N'Дуб беленый1', N'0003')

INSERT [dbo].[Products] ([Id], [SyncCode1C], [Height], [Width], [Length], [IsAssemblyRequired], [ArticleId], [FacingColorId], [FrameColorId], [FacingId], [ProductPartMarkerId]) VALUES (N'955282c8-7503-4d02-b83b-0a2a7d394163', N'0001', 200, 200, 100, 1, N'55005458-248c-4f5f-a593-7ea460ab1f1d', N'554ba5d4-f931-4e0e-8fa7-e5223875df86', N'be89fe8e-cbe7-44a2-a8c2-c0f00193501a', N'612a42f9-2eae-4401-8631-c15a1235a4c8', N'54012ac1-b525-49e7-bfc3-61cfeca81e54')
INSERT [dbo].[Products] ([Id], [SyncCode1C], [Height], [Width], [Length], [IsAssemblyRequired], [ArticleId], [FacingColorId], [FrameColorId], [FacingId], [ProductPartMarkerId]) VALUES (N'b475923f-dde6-42ce-a6ff-45c5f9525f52', N'0002', 300, 200, 200, 1, N'55005458-248c-4f5f-a593-7ea460ab1f1d', N'f38330c9-0e1c-4dc0-bb45-f692f8e68fb0', N'68dd4ecd-5e92-41a7-bb64-b204b4f4eeaf', N'288b1222-d73d-4207-913b-1b9b269d1f78', N'54012ac1-b525-49e7-bfc3-61cfeca81e54')
INSERT [dbo].[Products] ([Id], [SyncCode1C], [Height], [Width], [Length], [IsAssemblyRequired], [ArticleId], [FacingColorId], [FrameColorId], [FacingId], [ProductPartMarkerId]) VALUES (N'918deb24-8a57-4e37-8567-7f46728ed358', N'0003', 100, 100, 200, 1, N'626ac761-e9a5-4f8c-85de-e1b3d86cdba4', N'554ba5d4-f931-4e0e-8fa7-e5223875df86', N'be89fe8e-cbe7-44a2-a8c2-c0f00193501a', N'612a42f9-2eae-4401-8631-c15a1235a4c8', N'54012ac1-b525-49e7-bfc3-61cfeca81e54')
INSERT [dbo].[Products] ([Id], [SyncCode1C], [Height], [Width], [Length], [IsAssemblyRequired], [ArticleId], [FacingColorId], [FrameColorId], [FacingId], [ProductPartMarkerId]) VALUES (N'8304c398-afe0-480d-adeb-84d099db511d', N'0004', 400, 100, 100, 1, N'626ac761-e9a5-4f8c-85de-e1b3d86cdba4', N'2969b41d-418c-45f1-b3c5-ad11b742cb18', N'f157d159-61c1-482d-9b40-648875f278a6', N'4b450ac9-cdd2-47be-8d52-e808919b29f0', N'54012ac1-b525-49e7-bfc3-61cfeca81e54')
INSERT [dbo].[Products] ([Id], [SyncCode1C], [Height], [Width], [Length], [IsAssemblyRequired], [ArticleId], [FacingColorId], [FrameColorId], [FacingId], [ProductPartMarkerId]) VALUES (N'c9589158-1d47-4982-a461-8f8269a28806', N'0005', 200, 200, 100, 1, N'626ac761-e9a5-4f8c-85de-e1b3d86cdba4', N'f38330c9-0e1c-4dc0-bb45-f692f8e68fb0', N'68dd4ecd-5e92-41a7-bb64-b204b4f4eeaf', N'288b1222-d73d-4207-913b-1b9b269d1f78', N'54012ac1-b525-49e7-bfc3-61cfeca81e54')
INSERT [dbo].[Products] ([Id], [SyncCode1C], [Height], [Width], [Length], [IsAssemblyRequired], [ArticleId], [FacingColorId], [FrameColorId], [FacingId], [ProductPartMarkerId]) VALUES (N'b103d16d-a72e-4901-b7e8-b1ddd3cd3ac2', N'0006', 400, 300, 200, 1, N'32f3e0a3-7217-4292-ae9b-fdcfa5f532f1', N'554ba5d4-f931-4e0e-8fa7-e5223875df86', N'be89fe8e-cbe7-44a2-a8c2-c0f00193501a', N'612a42f9-2eae-4401-8631-c15a1235a4c8', N'54012ac1-b525-49e7-bfc3-61cfeca81e54')
INSERT [dbo].[Products] ([Id], [SyncCode1C], [Height], [Width], [Length], [IsAssemblyRequired], [ArticleId], [FacingColorId], [FrameColorId], [FacingId], [ProductPartMarkerId]) VALUES (N'8dba4be5-21f5-4ab5-a48b-bb5107b1296a', N'0007', 300, 200, 200, 1, N'32f3e0a3-7217-4292-ae9b-fdcfa5f532f1', N'f38330c9-0e1c-4dc0-bb45-f692f8e68fb0', N'68dd4ecd-5e92-41a7-bb64-b204b4f4eeaf', N'288b1222-d73d-4207-913b-1b9b269d1f78', N'54012ac1-b525-49e7-bfc3-61cfeca81e54')
INSERT [dbo].[Products] ([Id], [SyncCode1C], [Height], [Width], [Length], [IsAssemblyRequired], [ArticleId], [FacingColorId], [FrameColorId], [FacingId], [ProductPartMarkerId]) VALUES (N'431d3e65-9a63-4bf3-acf2-f6d5da1f2188', N'0008', 100, 300, 300, 1, N'55005458-248c-4f5f-a593-7ea460ab1f1d', N'2969b41d-418c-45f1-b3c5-ad11b742cb18', N'f157d159-61c1-482d-9b40-648875f278a6', N'4b450ac9-cdd2-47be-8d52-e808919b29f0', N'54012ac1-b525-49e7-bfc3-61cfeca81e54')
INSERT [dbo].[Products] ([Id], [SyncCode1C], [Height], [Width], [Length], [IsAssemblyRequired], [ArticleId], [FacingColorId], [FrameColorId], [FacingId], [ProductPartMarkerId]) VALUES (N'a1499473-0781-45d4-82e3-f7eeb6ba28dc', N'0009', 200, 100, 100, 1, N'32f3e0a3-7217-4292-ae9b-fdcfa5f532f1', N'2969b41d-418c-45f1-b3c5-ad11b742cb18', N'f157d159-61c1-482d-9b40-648875f278a6', N'4b450ac9-cdd2-47be-8d52-e808919b29f0', N'54012ac1-b525-49e7-bfc3-61cfeca81e54')

INSERT [dbo].[PropertiesToProductss] ([PropertyId], [ProductId]) VALUES (N'5927fbc2-b5ea-49a4-b7fc-044d36fdcbb0', N'b103d16d-a72e-4901-b7e8-b1ddd3cd3ac2')
INSERT [dbo].[PropertiesToProductss] ([PropertyId], [ProductId]) VALUES (N'c47a08b3-dcc5-4a7f-a1a7-6abb8b6dabed', N'b103d16d-a72e-4901-b7e8-b1ddd3cd3ac2')
INSERT [dbo].[PropertiesToProductss] ([PropertyId], [ProductId]) VALUES (N'68cdc700-6f99-4b4a-91e9-f950b8c1b741', N'b103d16d-a72e-4901-b7e8-b1ddd3cd3ac2')
INSERT [dbo].[PropertiesToProductss] ([PropertyId], [ProductId]) VALUES (N'9b06e94d-c98b-42fa-95b2-b40c21d1bb75', N'8dba4be5-21f5-4ab5-a48b-bb5107b1296a')
INSERT [dbo].[PropertiesToProductss] ([PropertyId], [ProductId]) VALUES (N'6a59b282-0de1-4534-b59d-cd41f651c366', N'8dba4be5-21f5-4ab5-a48b-bb5107b1296a')
INSERT [dbo].[PropertiesToProductss] ([PropertyId], [ProductId]) VALUES (N'c47a08b3-dcc5-4a7f-a1a7-6abb8b6dabed', N'a1499473-0781-45d4-82e3-f7eeb6ba28dc')
INSERT [dbo].[PropertiesToProductss] ([PropertyId], [ProductId]) VALUES (N'6a59b282-0de1-4534-b59d-cd41f651c366', N'a1499473-0781-45d4-82e3-f7eeb6ba28dc')

INSERT [dbo].[Regions] ([Id], [Title], [LazuritPasswordHash], [SyncCode1C]) VALUES (N'5e5c67f2-58b4-4610-8cc5-fb9964524866', N'KaliningradskayaRO', N'123456789', N'0001')
INSERT [dbo].[PriceZones] ([Id], [Name], [SyncCode1C], [Number]) VALUES (N'6d021fb3-4611-403e-929f-f04f7036e937', N'Zone1', N'0001', 1)
INSERT [dbo].[Cities] ([Id], [Title], [RegionId], [SyncCode1C], [CodeKladr], [Longitude], [Latitude], [PriceZoneId], [DeliveryPrice]) VALUES (N'2d6acc56-a295-4894-bcbe-9a34e05e6e70', N'Калининград', N'5e5c67f2-58b4-4610-8cc5-fb9964524866', N'0001', N'123456789', 20, 54, N'6d021fb3-4611-403e-929f-f04f7036e937', CAST(1000.00 AS Decimal(18, 2)))
INSERT [dbo].[Cities] ([Id], [Title], [RegionId], [SyncCode1C], [CodeKladr], [Longitude], [Latitude], [PriceZoneId], [DeliveryPrice]) VALUES (N'614a5d03-7a76-454b-b6c7-ff8695672e24', N'Москва', N'5e5c67f2-58b4-4610-8cc5-fb9964524866', N'0001', N'123456789', 37, 55, N'6d021fb3-4611-403e-929f-f04f7036e937', CAST(3000.00 AS Decimal(18, 2)))

INSERT [dbo].[UsersProfiles] ([Id], [Title], [Email], [FirstName], [LastName], [SyncCode1C], [Showroom_Id], [LinkId], [CityId]) VALUES (N'f256157d-dcd3-4f39-b6df-3434c9f6f413',N'Анатолий Стрила', N'strill85@mail.ru',N'Анатолий',N'Стрила',null,null,'5DDC17C3-21AF-400A-9A1F-05762D2FBA13',null)
INSERT [dbo].[UsersProfiles] ([Id], [Title], [Email], [FirstName], [LastName], [SyncCode1C], [Showroom_Id], [LinkId], [CityId]) VALUES (N'8ae9fa90-a940-4ea6-8246-029628873a13', NULL, N'dika_85@mail.ru', N'Денис', NULL, NULL, NULL, N'00000000-0000-0000-0000-000000000000', NULL)
INSERT [dbo].[UsersProfiles] ([Id], [Title], [Email], [FirstName], [LastName], [SyncCode1C], [Showroom_Id], [LinkId], [CityId]) VALUES (N'0cc98712-6a84-46f9-b486-15c868078442', NULL, N'dika_85@mail.ru', N'Денис', NULL, NULL, NULL, N'00000000-0000-0000-0000-000000000000', NULL)
INSERT [dbo].[UsersProfiles] ([Id], [Title], [Email], [FirstName], [LastName], [SyncCode1C], [Showroom_Id], [LinkId], [CityId]) VALUES (N'ccf5de65-4589-482d-b4c8-18b3b3a07fd2', NULL, N'dika_85@mail.ru', N'Денис', NULL, NULL, NULL, N'00000000-0000-0000-0000-000000000000', NULL)
INSERT [dbo].[UsersProfiles] ([Id], [Title], [Email], [FirstName], [LastName], [SyncCode1C], [Showroom_Id], [LinkId], [CityId]) VALUES (N'70247dc7-cd07-4350-9de3-27d7bbedc2e2', NULL, N'dika_85@mail.ru', N'Денис', NULL, NULL, NULL, N'00000000-0000-0000-0000-000000000000', NULL)
INSERT [dbo].[UsersProfiles] ([Id], [Title], [Email], [FirstName], [LastName], [SyncCode1C], [Showroom_Id], [LinkId], [CityId]) VALUES (N'2ab45f51-ef60-474a-b41d-8e21bbf40b26', N'asd', N'alexey.palatkin@koniglabs.ru', NULL, NULL, NULL, NULL, N'00000000-0000-0000-0000-000000000000', NULL)
INSERT [dbo].[UsersProfiles] ([Id], [Title], [Email], [FirstName], [LastName], [SyncCode1C], [Showroom_Id], [LinkId], [CityId]) VALUES (N'095b7115-0b68-41ea-869a-b140bd25ce28', N'Alexa', N'alexandra.semiz@gmail.com', NULL, NULL, NULL, NULL, N'00000000-0000-0000-0000-000000000000', NULL)
INSERT [dbo].[UsersProfiles] ([Id], [Title], [Email], [FirstName], [LastName], [SyncCode1C], [Showroom_Id], [LinkId], [CityId]) VALUES (N'310cd3ec-c00b-4822-8873-d48a194c384f', N'asdfasdf', N'kobyb.palatkin@yandex.ru', NULL, NULL, NULL, NULL, N'00000000-0000-0000-0000-000000000000', NULL)

INSERT [dbo].[PaymentMethods] ([Id], [Name], [TechName], [SortNumber]) VALUES (N'c4cffda4-6b3a-490a-a86a-102445589784', N'Другой способ', N'OtherMethod', 3)
INSERT [dbo].[PaymentMethods] ([Id], [Name], [TechName], [SortNumber]) VALUES (N'ef95a8e0-aa8d-4cbb-b1d1-84ae361f13df', N'Наличные', N'Cash', 1)
INSERT [dbo].[PaymentMethods] ([Id], [Name], [TechName], [SortNumber]) VALUES (N'7299ef7b-4dab-4f8e-8b49-e509418ab941', N'Рассрочка', N'Instalment', 2)
INSERT [dbo].[PaymentMethods] ([Id], [Name], [TechName], [SortNumber]) VALUES (N'5c3de19c-08fe-4254-b143-e671866daf36', N'Банковские карты', N'BankCard', 0)

INSERT [dbo].[RoomsTypes] ([Id], [Name], [SyncCode1C], [Alias]) VALUES (N'413cf2a9-5f5f-4450-8ffb-8a4cbd635b50', N'ПрихожаяOld', N'0003', N'prihozhaya1')
INSERT [dbo].[RoomsTypes] ([Id], [Name], [SyncCode1C], [Alias]) VALUES (N'cc5830ba-d6f4-4e2c-affc-bed0c2b279d3', N'СпальняOld', N'0001', N'spalni1')
INSERT [dbo].[RoomsTypes] ([Id], [Name], [SyncCode1C], [Alias]) VALUES (N'4810e081-111b-4daa-bf29-efde22c2f546', N'ГостинаяOld', N'0002', N'gostinaya1')

INSERT [dbo].[Series] ([Id], [Name], [SyncCode1C], [Alias]) VALUES (N'6d8d5c48-9bff-43d2-a06c-0c26c5981621', N'ЭЛЕОНОРА_Old', N'0003', 'eleonora1')
INSERT [dbo].[Series] ([Id], [Name], [SyncCode1C], [Alias]) VALUES (N'0b911448-88c2-4e0f-9041-59ffcc4f32b0', N'МАГНА_Old', N'0001', 'magna1')
INSERT [dbo].[Series] ([Id], [Name], [SyncCode1C], [Alias]) VALUES (N'e11e7b21-b6d7-45c9-bd68-615c239a4e32', N'ВИОЛА_Old', N'0002', 'viola1')

INSERT [dbo].[Collections] ([Id], [SeriesId], [RoomTypeId], [Title]) VALUES (N'c4c1bd4d-bf1d-44d9-8a14-a72d36097137', N'0b911448-88c2-4e0f-9041-59ffcc4f32b0', N'cc5830ba-d6f4-4e2c-affc-bed0c2b279d3', N'magna магна')
INSERT [dbo].[Collections] ([Id], [SeriesId], [RoomTypeId], [Title]) VALUES (N'f411e527-3e17-445c-b968-b4ce0391002e', N'e11e7b21-b6d7-45c9-bd68-615c239a4e32', N'4810e081-111b-4daa-bf29-efde22c2f546', N'viola виола')
INSERT [dbo].[Collections] ([Id], [SeriesId], [RoomTypeId], [Title]) VALUES (N'783a16e1-5734-4246-8237-f8c0648c81d1', N'6d8d5c48-9bff-43d2-a06c-0c26c5981621', N'413cf2a9-5f5f-4450-8ffb-8a4cbd635b50', N'eleonora элеонора')

INSERT [dbo].[CollectionsVariants] ([Id], [CollectionId], [IsComplect],[IsDefault], [FacingColorId], [FrameColorId], [FacingId]) VALUES (N'd0144670-c496-4651-a2ff-16288e494261', N'c4c1bd4d-bf1d-44d9-8a14-a72d36097137', 0,0,N'2969b41d-418c-45f1-b3c5-ad11b742cb18', N'68dd4ecd-5e92-41a7-bb64-b204b4f4eeaf', N'288b1222-d73d-4207-913b-1b9b269d1f78')
INSERT [dbo].[CollectionsVariants] ([Id], [CollectionId], [IsComplect],[IsDefault], [FacingColorId], [FrameColorId], [FacingId]) VALUES (N'bfb5f580-84d2-4424-bd1f-44d4331b396b', N'783a16e1-5734-4246-8237-f8c0648c81d1', 1,0, N'f38330c9-0e1c-4dc0-bb45-f692f8e68fb0', N'68dd4ecd-5e92-41a7-bb64-b204b4f4eeaf', N'288b1222-d73d-4207-913b-1b9b269d1f78')
INSERT [dbo].[CollectionsVariants] ([Id], [CollectionId], [IsComplect] ,[IsDefault], [FacingColorId], [FrameColorId], [FacingId]) VALUES (N'69c1b073-24d1-4ac8-80d4-7bc61b28fdb4', N'783a16e1-5734-4246-8237-f8c0648c81d1',0,0, N'554ba5d4-f931-4e0e-8fa7-e5223875df86', N'be89fe8e-cbe7-44a2-a8c2-c0f00193501a', N'612a42f9-2eae-4401-8631-c15a1235a4c8')
INSERT [dbo].[CollectionsVariants] ([Id], [CollectionId], [IsComplect] ,[IsDefault], [FacingColorId], [FrameColorId], [FacingId]) VALUES (N'6825230d-f6e2-48c8-bd81-80eac4a7a5f0', N'f411e527-3e17-445c-b968-b4ce0391002e', 0,0, N'f38330c9-0e1c-4dc0-bb45-f692f8e68fb0', N'f157d159-61c1-482d-9b40-648875f278a6', N'4b450ac9-cdd2-47be-8d52-e808919b29f0')
INSERT [dbo].[CollectionsVariants] ([Id], [CollectionId], [IsComplect], [IsDefault],[FacingColorId], [FrameColorId], [FacingId]) VALUES (N'3ee1e423-2b8d-4f04-9d05-ae8b87558d6f', N'f411e527-3e17-445c-b968-b4ce0391002e', 0,0, N'554ba5d4-f931-4e0e-8fa7-e5223875df86', N'f157d159-61c1-482d-9b40-648875f278a6', N'612a42f9-2eae-4401-8631-c15a1235a4c8')
INSERT [dbo].[CollectionsVariants] ([Id], [CollectionId], [IsComplect],[IsDefault], [FacingColorId], [FrameColorId], [FacingId]) VALUES (N'939f0925-fbd0-49ad-9317-dc6e53719939', N'c4c1bd4d-bf1d-44d9-8a14-a72d36097137', 0,0, N'2969b41d-418c-45f1-b3c5-ad11b742cb18', N'f157d159-61c1-482d-9b40-648875f278a6', N'4b450ac9-cdd2-47be-8d52-e808919b29f0')


INSERT [dbo].[ProductsToCollectionsVariants] ([ProductId], [CollectionVariantId]) VALUES (N'b475923f-dde6-42ce-a6ff-45c5f9525f52', N'd0144670-c496-4651-a2ff-16288e494261')
INSERT [dbo].[ProductsToCollectionsVariants] ([ProductId], [CollectionVariantId]) VALUES (N'c9589158-1d47-4982-a461-8f8269a28806', N'd0144670-c496-4651-a2ff-16288e494261')
INSERT [dbo].[ProductsToCollectionsVariants] ([ProductId], [CollectionVariantId]) VALUES (N'8dba4be5-21f5-4ab5-a48b-bb5107b1296a', N'd0144670-c496-4651-a2ff-16288e494261')
INSERT [dbo].[ProductsToCollectionsVariants] ([ProductId], [CollectionVariantId]) VALUES (N'955282c8-7503-4d02-b83b-0a2a7d394163', N'bfb5f580-84d2-4424-bd1f-44d4331b396b')
INSERT [dbo].[ProductsToCollectionsVariants] ([ProductId], [CollectionVariantId]) VALUES (N'b475923f-dde6-42ce-a6ff-45c5f9525f52', N'bfb5f580-84d2-4424-bd1f-44d4331b396b')
INSERT [dbo].[ProductsToCollectionsVariants] ([ProductId], [CollectionVariantId]) VALUES (N'918deb24-8a57-4e37-8567-7f46728ed358', N'bfb5f580-84d2-4424-bd1f-44d4331b396b')
INSERT [dbo].[ProductsToCollectionsVariants] ([ProductId], [CollectionVariantId]) VALUES (N'8304c398-afe0-480d-adeb-84d099db511d', N'bfb5f580-84d2-4424-bd1f-44d4331b396b')
INSERT [dbo].[ProductsToCollectionsVariants] ([ProductId], [CollectionVariantId]) VALUES (N'c9589158-1d47-4982-a461-8f8269a28806', N'bfb5f580-84d2-4424-bd1f-44d4331b396b')
INSERT [dbo].[ProductsToCollectionsVariants] ([ProductId], [CollectionVariantId]) VALUES (N'b103d16d-a72e-4901-b7e8-b1ddd3cd3ac2', N'bfb5f580-84d2-4424-bd1f-44d4331b396b')
INSERT [dbo].[ProductsToCollectionsVariants] ([ProductId], [CollectionVariantId]) VALUES (N'8dba4be5-21f5-4ab5-a48b-bb5107b1296a', N'bfb5f580-84d2-4424-bd1f-44d4331b396b')
INSERT [dbo].[ProductsToCollectionsVariants] ([ProductId], [CollectionVariantId]) VALUES (N'431d3e65-9a63-4bf3-acf2-f6d5da1f2188', N'bfb5f580-84d2-4424-bd1f-44d4331b396b')
INSERT [dbo].[ProductsToCollectionsVariants] ([ProductId], [CollectionVariantId]) VALUES (N'a1499473-0781-45d4-82e3-f7eeb6ba28dc', N'bfb5f580-84d2-4424-bd1f-44d4331b396b')
INSERT [dbo].[ProductsToCollectionsVariants] ([ProductId], [CollectionVariantId]) VALUES (N'955282c8-7503-4d02-b83b-0a2a7d394163', N'69c1b073-24d1-4ac8-80d4-7bc61b28fdb4')
INSERT [dbo].[ProductsToCollectionsVariants] ([ProductId], [CollectionVariantId]) VALUES (N'b475923f-dde6-42ce-a6ff-45c5f9525f52', N'69c1b073-24d1-4ac8-80d4-7bc61b28fdb4')
INSERT [dbo].[ProductsToCollectionsVariants] ([ProductId], [CollectionVariantId]) VALUES (N'918deb24-8a57-4e37-8567-7f46728ed358', N'69c1b073-24d1-4ac8-80d4-7bc61b28fdb4')
INSERT [dbo].[ProductsToCollectionsVariants] ([ProductId], [CollectionVariantId]) VALUES (N'8304c398-afe0-480d-adeb-84d099db511d', N'69c1b073-24d1-4ac8-80d4-7bc61b28fdb4')
INSERT [dbo].[ProductsToCollectionsVariants] ([ProductId], [CollectionVariantId]) VALUES (N'c9589158-1d47-4982-a461-8f8269a28806', N'69c1b073-24d1-4ac8-80d4-7bc61b28fdb4')
INSERT [dbo].[ProductsToCollectionsVariants] ([ProductId], [CollectionVariantId]) VALUES (N'b103d16d-a72e-4901-b7e8-b1ddd3cd3ac2', N'69c1b073-24d1-4ac8-80d4-7bc61b28fdb4')
INSERT [dbo].[ProductsToCollectionsVariants] ([ProductId], [CollectionVariantId]) VALUES (N'8dba4be5-21f5-4ab5-a48b-bb5107b1296a', N'69c1b073-24d1-4ac8-80d4-7bc61b28fdb4')
INSERT [dbo].[ProductsToCollectionsVariants] ([ProductId], [CollectionVariantId]) VALUES (N'431d3e65-9a63-4bf3-acf2-f6d5da1f2188', N'69c1b073-24d1-4ac8-80d4-7bc61b28fdb4')
INSERT [dbo].[ProductsToCollectionsVariants] ([ProductId], [CollectionVariantId]) VALUES (N'a1499473-0781-45d4-82e3-f7eeb6ba28dc', N'69c1b073-24d1-4ac8-80d4-7bc61b28fdb4')
INSERT [dbo].[ProductsToCollectionsVariants] ([ProductId], [CollectionVariantId]) VALUES (N'8304c398-afe0-480d-adeb-84d099db511d', N'6825230d-f6e2-48c8-bd81-80eac4a7a5f0')
INSERT [dbo].[ProductsToCollectionsVariants] ([ProductId], [CollectionVariantId]) VALUES (N'431d3e65-9a63-4bf3-acf2-f6d5da1f2188', N'6825230d-f6e2-48c8-bd81-80eac4a7a5f0')
INSERT [dbo].[ProductsToCollectionsVariants] ([ProductId], [CollectionVariantId]) VALUES (N'a1499473-0781-45d4-82e3-f7eeb6ba28dc', N'6825230d-f6e2-48c8-bd81-80eac4a7a5f0')
INSERT [dbo].[ProductsToCollectionsVariants] ([ProductId], [CollectionVariantId]) VALUES (N'955282c8-7503-4d02-b83b-0a2a7d394163', N'3ee1e423-2b8d-4f04-9d05-ae8b87558d6f')
INSERT [dbo].[ProductsToCollectionsVariants] ([ProductId], [CollectionVariantId]) VALUES (N'918deb24-8a57-4e37-8567-7f46728ed358', N'3ee1e423-2b8d-4f04-9d05-ae8b87558d6f')
INSERT [dbo].[ProductsToCollectionsVariants] ([ProductId], [CollectionVariantId]) VALUES (N'b103d16d-a72e-4901-b7e8-b1ddd3cd3ac2', N'3ee1e423-2b8d-4f04-9d05-ae8b87558d6f')
INSERT [dbo].[ProductsToCollectionsVariants] ([ProductId], [CollectionVariantId]) VALUES (N'8304c398-afe0-480d-adeb-84d099db511d', N'939f0925-fbd0-49ad-9317-dc6e53719939')
INSERT [dbo].[ProductsToCollectionsVariants] ([ProductId], [CollectionVariantId]) VALUES (N'431d3e65-9a63-4bf3-acf2-f6d5da1f2188', N'939f0925-fbd0-49ad-9317-dc6e53719939')
INSERT [dbo].[ProductsToCollectionsVariants] ([ProductId], [CollectionVariantId]) VALUES (N'a1499473-0781-45d4-82e3-f7eeb6ba28dc', N'939f0925-fbd0-49ad-9317-dc6e53719939')

INSERT [dbo].[CollectionsVariantsContentProductsAreas] ([Id], [IsEnabled], [Top], [Left], [Width], [Height], [CollectionVariantId], [ProductId]) VALUES (N'5666d10d-6578-43d1-8120-13165fcfc322', 1, 12, 78, 22, 75, N'bfb5f580-84d2-4424-bd1f-44d4331b396b', N'c9589158-1d47-4982-a461-8f8269a28806')
INSERT [dbo].[CollectionsVariantsContentProductsAreas] ([Id], [IsEnabled], [Top], [Left], [Width], [Height], [CollectionVariantId], [ProductId]) VALUES (N'a7d7457e-c6d8-4360-bfee-1c967c74d3cf', 1, 43, 8, 6, 50, N'69c1b073-24d1-4ac8-80d4-7bc61b28fdb4', N'955282c8-7503-4d02-b83b-0a2a7d394163')
INSERT [dbo].[CollectionsVariantsContentProductsAreas] ([Id], [IsEnabled], [Top], [Left], [Width], [Height], [CollectionVariantId], [ProductId]) VALUES (N'adc3f5d4-5272-4130-b70c-2453838d15e4', 1, 56, 31, 20, 26, N'bfb5f580-84d2-4424-bd1f-44d4331b396b', N'b475923f-dde6-42ce-a6ff-45c5f9525f52')
INSERT [dbo].[CollectionsVariantsContentProductsAreas] ([Id], [IsEnabled], [Top], [Left], [Width], [Height], [CollectionVariantId], [ProductId]) VALUES (N'd947cd5f-0c2f-4394-85e4-35a5d4bafb6d', 1, 50, 55, 11, 27, N'd0144670-c496-4651-a2ff-16288e494261', N'8dba4be5-21f5-4ab5-a48b-bb5107b1296a')
INSERT [dbo].[CollectionsVariantsContentProductsAreas] ([Id], [IsEnabled], [Top], [Left], [Width], [Height], [CollectionVariantId], [ProductId]) VALUES (N'3a51de31-9f84-4537-b3d3-44b70c4a7018', 1, 81, 7, 9, 17, N'69c1b073-24d1-4ac8-80d4-7bc61b28fdb4', N'918deb24-8a57-4e37-8567-7f46728ed358')
INSERT [dbo].[CollectionsVariantsContentProductsAreas] ([Id], [IsEnabled], [Top], [Left], [Width], [Height], [CollectionVariantId], [ProductId]) VALUES (N'27ddeea8-fcec-4967-b499-6bb3c5166f14', 1, 50, 18, 6, 40, N'69c1b073-24d1-4ac8-80d4-7bc61b28fdb4', N'b103d16d-a72e-4901-b7e8-b1ddd3cd3ac2')
INSERT [dbo].[CollectionsVariantsContentProductsAreas] ([Id], [IsEnabled], [Top], [Left], [Width], [Height], [CollectionVariantId], [ProductId]) VALUES (N'd36e1842-08f4-4060-97b2-76bfeee5118e', 1, 48, 497, 142, 368, N'939f0925-fbd0-49ad-9317-dc6e53719939', N'8304c398-afe0-480d-adeb-84d099db511d')
INSERT [dbo].[CollectionsVariantsContentProductsAreas] ([Id], [IsEnabled], [Top], [Left], [Width], [Height], [CollectionVariantId], [ProductId]) VALUES (N'02dfb960-dff7-4bde-b5e6-8f665fc6f936', 1, 51, 1, 21, 36, N'bfb5f580-84d2-4424-bd1f-44d4331b396b', N'8dba4be5-21f5-4ab5-a48b-bb5107b1296a')
INSERT [dbo].[CollectionsVariantsContentProductsAreas] ([Id], [IsEnabled], [Top], [Left], [Width], [Height], [CollectionVariantId], [ProductId]) VALUES (N'd2d93cf4-4027-4e4d-80a7-d3706cd9dfea', 1, 46, 0, 27, 40, N'd0144670-c496-4651-a2ff-16288e494261', N'c9589158-1d47-4982-a461-8f8269a28806')
INSERT [dbo].[CollectionsVariantsContentProductsAreas] ([Id], [IsEnabled], [Top], [Left], [Width], [Height], [CollectionVariantId], [ProductId]) VALUES (N'e658afb4-ad28-4524-a1e3-d87ac0798359', 1, 50, 31, 30, 34, N'd0144670-c496-4651-a2ff-16288e494261', N'b475923f-dde6-42ce-a6ff-45c5f9525f52')
INSERT [dbo].[CollectionsVariantsContentProductsAreas] ([Id], [IsEnabled], [Top], [Left], [Width], [Height], [CollectionVariantId], [ProductId]) VALUES (N'5c884f0c-7245-496c-8b05-f8882ef297f3', 1, 51, 57, 15, 20, N'bfb5f580-84d2-4424-bd1f-44d4331b396b', N'955282c8-7503-4d02-b83b-0a2a7d394163')
INSERT [dbo].[AspNetRoles] ([Id], [Name]) VALUES (N'86f7a321-535e-44fb-a630-a94e21222ebf', N'admin')
INSERT [dbo].[AspNetRoles] ([Id], [Name]) VALUES (N'b5c1e53f-07cc-4f29-b207-1b576dde9c0a', N'anonym')
INSERT [dbo].[AspNetRoles] ([Id], [Name]) VALUES (N'068889df-e08e-4089-8eb6-9c3018857b2c', N'buyer')
INSERT [dbo].[AspNetRoles] ([Id], [Name]) VALUES (N'5506ccf0-2ec5-47b1-8b40-c61d11972c54', N'contentManager')
INSERT [dbo].[AspNetRoles] ([Id], [Name]) VALUES (N'9ca7f5b0-ab1a-48fb-a193-ab3e991dfe7e', N'marketer')
INSERT [dbo].[AspNetRoles] ([Id], [Name]) VALUES (N'4c418f3c-bf90-4998-8d5c-7d3465fc59b3', N'region')
INSERT [dbo].[AspNetRoles] ([Id], [Name]) VALUES (N'208ab2a2-c988-41fc-9a53-ed1429cc3e56', N'saller')
INSERT [dbo].[AspNetRoles] ([Id], [Name]) VALUES (N'510ff49a-2002-432d-90ee-33be747b56f0', N'salonSaller')
INSERT [dbo].[AspNetRoles] ([Id], [Name]) VALUES (N'73afce45-56e9-4d8d-b7fe-4da4a85973e3', N'shopSaller')
INSERT [dbo].[AspNetUsers] ([Id], [JoinDate], [Email], [EmailConfirmed], [PasswordHash], [SecurityStamp], [PhoneNumber], [PhoneNumberConfirmed], [TwoFactorEnabled], [LockoutEndDateUtc], [LockoutEnabled], [AccessFailedCount], [UserName], [IsPasswordTemp]) VALUES (N'f256157d-dcd3-4f39-b6df-3434c9f6f413', CAST(N'2016-11-03 00:00:00.000' AS DateTime), N'strill85@mail.ru', 1, N'AHaqAzx0PRwUWv0X4hOtpzHFOWiRJQoncS8cmWOzPhDkk23V2bcIexq8+AvkzYBQLg==', N'7a6cac61-8ed0-4410-980d-2c281ebd3114', NULL, 0, 0, NULL, 0, 0, N'strill85@mail.ru', 0)
INSERT [dbo].[AspNetUsers] ([Id], [JoinDate], [Email], [EmailConfirmed], [PasswordHash], [SecurityStamp], [PhoneNumber], [PhoneNumberConfirmed], [TwoFactorEnabled], [LockoutEndDateUtc], [LockoutEnabled], [AccessFailedCount], [UserName], [IsPasswordTemp]) VALUES (N'1c7ff1e3-24b0-4e34-991c-d5930a7a9a2f', CAST(N'2016-11-17 13:08:52.087' AS DateTime), N'kobyb@mail.ru', 1, N'ADGPZ9ABQecRFbKUT/hvZ3oLK8lDxoIsLfDCrhUgeqjeM8eFNGTFjCGGLOiBe8eaVw==', N'7fdfbd47-e964-4694-b331-bba77e5f8444', NULL, 0, 0, NULL, 0, 0, N'admin', 0)
INSERT [dbo].[AspNetUserRoles] ([UserId], [RoleId]) VALUES (N'F256157D-DCD3-4F39-B6DF-3434C9F6F413', N'9CA7F5B0-AB1A-48FB-A193-AB3E991DFE7E')
INSERT [dbo].[AspNetUserRoles] ([UserId], [RoleId]) VALUES (N'1c7ff1e3-24b0-4e34-991c-d5930a7a9a2f', N'86f7a321-535e-44fb-a630-a94e21222ebf')

INSERT [dbo].[FilesContentTypes] ([Id], [Name], [TechName], [SortNumber]) VALUES (N'46544cd6-5312-4664-8c02-37398fc487ea', N'Изображение на белом фоне', N'WithoutInterior', 6)
INSERT [dbo].[FilesContentTypes] ([Id], [Name], [TechName], [SortNumber]) VALUES (N'828a56e1-0689-4c9e-b366-3dc9cbed5ee1', N'Слайдер средний', N'SliderMiddle', 3)
INSERT [dbo].[FilesContentTypes] ([Id], [Name], [TechName], [SortNumber]) VALUES (N'427f142f-95ff-4592-9d57-846d5b6fbe92', N'Слайдер маленький', N'SliderMin', 2)
INSERT [dbo].[FilesContentTypes] ([Id], [Name], [TechName], [SortNumber]) VALUES (N'626d8db7-f195-4cb2-8b65-938ac78e967b', N'Тайл маленький', N'TileMin', 4)
INSERT [dbo].[FilesContentTypes] ([Id], [Name], [TechName], [SortNumber]) VALUES (N'39be05c8-d14a-4e10-a32e-cc3a29028516', N'В интерьере', N'InInterior', 1)
INSERT [dbo].[FilesContentTypes] ([Id], [Name], [TechName], [SortNumber]) VALUES (N'2953cfd9-04a9-4b89-851a-e7441197a834', N'Тайл большой', N'TileBig', 5)
INSERT [dbo].[FilesContent] ([Id], [ObjectId], [FileExtension], [FileName], [DateCreating], [Size], [TypeId]) VALUES (N'a08a7193-3877-451e-ac6e-013437168ddd', N'adc3f5d4-5272-4130-b70c-2453838d15e4', N'jpg', N'bed.jpg', CAST(N'2016-12-02 15:11:21.147' AS DateTime), 315976, N'39be05c8-d14a-4e10-a32e-cc3a29028516')
INSERT [dbo].[FilesContent] ([Id], [ObjectId], [FileExtension], [FileName], [DateCreating], [Size], [TypeId]) VALUES (N'aa10295c-844a-4814-b413-01840ad39be7', N'a1499473-0781-45d4-82e3-f7eeb6ba28dc', N'jpg', N's3.jpg', CAST(N'2016-12-04 19:27:16.410' AS DateTime), 196350, N'39be05c8-d14a-4e10-a32e-cc3a29028516')
INSERT [dbo].[FilesContent] ([Id], [ObjectId], [FileExtension], [FileName], [DateCreating], [Size], [TypeId]) VALUES (N'e8ef51a5-7303-4d9c-a80a-02e2458c50b8', N'f411e527-3e17-445c-b968-b4ce0391002e', N'jpg', N'виола.jpg', CAST(N'2016-11-29 12:23:38.047' AS DateTime), 24130, N'828a56e1-0689-4c9e-b366-3dc9cbed5ee1')
INSERT [dbo].[FilesContent] ([Id], [ObjectId], [FileExtension], [FileName], [DateCreating], [Size], [TypeId]) VALUES (N'deb2b5c8-da76-452b-b49e-07322449e5db', N'b475923f-dde6-42ce-a6ff-45c5f9525f52', N'jpg', N's2.jpg', CAST(N'2016-12-04 17:43:16.057' AS DateTime), 204444, N'39be05c8-d14a-4e10-a32e-cc3a29028516')
INSERT [dbo].[FilesContent] ([Id], [ObjectId], [FileExtension], [FileName], [DateCreating], [Size], [TypeId]) VALUES (N'2d10c89d-86d0-4878-8d7d-07b3fa425ef0', N'a1499473-0781-45d4-82e3-f7eeb6ba28dc', N'jpg', N's1.jpg', CAST(N'2016-12-04 19:27:16.373' AS DateTime), 216849, N'39be05c8-d14a-4e10-a32e-cc3a29028516')
INSERT [dbo].[FilesContent] ([Id], [ObjectId], [FileExtension], [FileName], [DateCreating], [Size], [TypeId]) VALUES (N'6080767c-bae7-4a34-8d82-0c3382f3e50e', N'b475923f-dde6-42ce-a6ff-45c5f9525f52', N'jpg', N's3.jpg', CAST(N'2016-12-04 17:43:16.057' AS DateTime), 196350, N'39be05c8-d14a-4e10-a32e-cc3a29028516')
INSERT [dbo].[FilesContent] ([Id], [ObjectId], [FileExtension], [FileName], [DateCreating], [Size], [TypeId]) VALUES (N'd8dc534e-f7e3-40e4-9059-102e99b62939', N'8304c398-afe0-480d-adeb-84d099db511d', N'jpg', N'5304klB.jpg', CAST(N'2016-12-02 09:18:15.043' AS DateTime), 506931, N'39be05c8-d14a-4e10-a32e-cc3a29028516')
INSERT [dbo].[FilesContent] ([Id], [ObjectId], [FileExtension], [FileName], [DateCreating], [Size], [TypeId]) VALUES (N'bfff5d9c-472f-4150-9a00-12fff1124351', N'918deb24-8a57-4e37-8567-7f46728ed358', N'jpg', N'matras.jpg', CAST(N'2016-12-04 19:28:35.093' AS DateTime), 114340, N'39be05c8-d14a-4e10-a32e-cc3a29028516')
INSERT [dbo].[FilesContent] ([Id], [ObjectId], [FileExtension], [FileName], [DateCreating], [Size], [TypeId]) VALUES (N'85290ae2-0098-4f46-8ee7-13afd794e03a', N'431d3e65-9a63-4bf3-acf2-f6d5da1f2188', N'jpg', N'2.jpg', CAST(N'2016-12-04 19:26:16.610' AS DateTime), 99408, N'39be05c8-d14a-4e10-a32e-cc3a29028516')
INSERT [dbo].[FilesContent] ([Id], [ObjectId], [FileExtension], [FileName], [DateCreating], [Size], [TypeId]) VALUES (N'acc9f9ce-bab3-4c9a-898f-146c37e2aa12', N'bfb5f580-84d2-4424-bd1f-44d4331b396b', N'jpg', N'photo.jpg', CAST(N'2016-12-02 15:10:10.497' AS DateTime), 625338, N'828a56e1-0689-4c9e-b366-3dc9cbed5ee1')
INSERT [dbo].[FilesContent] ([Id], [ObjectId], [FileExtension], [FileName], [DateCreating], [Size], [TypeId]) VALUES (N'5dd6a40d-1c0b-4e1c-a8de-15d1539655ba', N'c9589158-1d47-4982-a461-8f8269a28806', N'jpg', N'5820-d-b.jpg', CAST(N'2016-12-04 19:24:08.183' AS DateTime), 408328, N'46544cd6-5312-4664-8c02-37398fc487ea')
INSERT [dbo].[FilesContent] ([Id], [ObjectId], [FileExtension], [FileName], [DateCreating], [Size], [TypeId]) VALUES (N'b0e7e925-cb7b-4dae-94eb-1bb328da54d0', N'27ddeea8-fcec-4967-b499-6bb3c5166f14', N'jpg', N'3.jpg', CAST(N'2016-12-02 15:14:46.477' AS DateTime), 105416, N'39be05c8-d14a-4e10-a32e-cc3a29028516')
INSERT [dbo].[FilesContent] ([Id], [ObjectId], [FileExtension], [FileName], [DateCreating], [Size], [TypeId]) VALUES (N'10c141fd-5d7e-4044-aea5-206cb1fde115', N'b475923f-dde6-42ce-a6ff-45c5f9525f52', N'jpg', N'5304shb.jpg', CAST(N'2016-12-04 17:42:43.907' AS DateTime), 198655, N'46544cd6-5312-4664-8c02-37398fc487ea')
INSERT [dbo].[FilesContent] ([Id], [ObjectId], [FileExtension], [FileName], [DateCreating], [Size], [TypeId]) VALUES (N'f1dc852a-ba06-4310-8360-2325b04c2dd1', N'783a16e1-5734-4246-8237-f8c0648c81d1', N'jpg', N'элеонора.jpg', CAST(N'2016-11-29 12:23:14.633' AS DateTime), 16259, N'828a56e1-0689-4c9e-b366-3dc9cbed5ee1')
INSERT [dbo].[FilesContent] ([Id], [ObjectId], [FileExtension], [FileName], [DateCreating], [Size], [TypeId]) VALUES (N'226bed9d-4e36-4ef3-aaaf-2763cea60c02', N'8304c398-afe0-480d-adeb-84d099db511d', N'jpg', N'bg-slider-1.jpg', CAST(N'2016-12-04 19:23:07.410' AS DateTime), 2336930, N'39be05c8-d14a-4e10-a32e-cc3a29028516')
INSERT [dbo].[FilesContent] ([Id], [ObjectId], [FileExtension], [FileName], [DateCreating], [Size], [TypeId]) VALUES (N'9946ee1d-5388-4dc1-991f-27d921def547', N'8304c398-afe0-480d-adeb-84d099db511d', N'jpg', N'1.jpg', CAST(N'2016-12-04 19:23:07.397' AS DateTime), 2336930, N'39be05c8-d14a-4e10-a32e-cc3a29028516')
INSERT [dbo].[FilesContent] ([Id], [ObjectId], [FileExtension], [FileName], [DateCreating], [Size], [TypeId]) VALUES (N'22c13582-62ec-467b-b79d-28c42240cb6a', N'69c1b073-24d1-4ac8-80d4-7bc61b28fdb4', N'jpg', N'1.jpg', CAST(N'2016-12-02 15:10:33.940' AS DateTime), 85569, N'828a56e1-0689-4c9e-b366-3dc9cbed5ee1')
INSERT [dbo].[FilesContent] ([Id], [ObjectId], [FileExtension], [FileName], [DateCreating], [Size], [TypeId]) VALUES (N'3d387cea-248b-4267-a6ad-2ed13576362a', N'918deb24-8a57-4e37-8567-7f46728ed358', N'jpg', N'5805_dub_bel  (4).jpg', CAST(N'2016-12-04 19:28:26.743' AS DateTime), 215793, N'46544cd6-5312-4664-8c02-37398fc487ea')
INSERT [dbo].[FilesContent] ([Id], [ObjectId], [FileExtension], [FileName], [DateCreating], [Size], [TypeId]) VALUES (N'b7699ed4-3974-4286-a515-3201f7314eb6', N'2969b41d-418c-45f1-b3c5-ad11b742cb18', N'png', N'лава.png', CAST(N'2016-11-29 12:33:46.033' AS DateTime), 3203, N'626d8db7-f195-4cb2-8b65-938ac78e967b')
INSERT [dbo].[FilesContent] ([Id], [ObjectId], [FileExtension], [FileName], [DateCreating], [Size], [TypeId]) VALUES (N'a0c3331a-a692-479a-9bd3-370b1b727013', N'8304c398-afe0-480d-adeb-84d099db511d', N'jpg', N'5820-d-b_full.jpg', CAST(N'2016-12-02 09:18:15.043' AS DateTime), 563154, N'39be05c8-d14a-4e10-a32e-cc3a29028516')
INSERT [dbo].[FilesContent] ([Id], [ObjectId], [FileExtension], [FileName], [DateCreating], [Size], [TypeId]) VALUES (N'921ff5f8-66d4-4549-b680-39114757fa2a', N'78be52ae-e232-47a4-84fd-c9736f2a7588', N'jpg', N'bed.jpg', CAST(N'2016-12-02 13:08:01.623' AS DateTime), 315976, N'39be05c8-d14a-4e10-a32e-cc3a29028516')
INSERT [dbo].[FilesContent] ([Id], [ObjectId], [FileExtension], [FileName], [DateCreating], [Size], [TypeId]) VALUES (N'feed30e9-bb7c-4f10-bc4d-3c8fd448724f', N'3a51de31-9f84-4537-b3d3-44b70c4a7018', N'jpg', N'2.jpg', CAST(N'2016-12-02 15:14:21.633' AS DateTime), 65149, N'39be05c8-d14a-4e10-a32e-cc3a29028516')
INSERT [dbo].[FilesContent] ([Id], [ObjectId], [FileExtension], [FileName], [DateCreating], [Size], [TypeId]) VALUES (N'ddb5ac1e-c0ab-403c-aaac-3e052844a5f5', N'd947cd5f-0c2f-4394-85e4-35a5d4bafb6d', N'jpg', N'tumba-right.jpg', CAST(N'2016-12-02 13:08:46.770' AS DateTime), 296322, N'39be05c8-d14a-4e10-a32e-cc3a29028516')
INSERT [dbo].[FilesContent] ([Id], [ObjectId], [FileExtension], [FileName], [DateCreating], [Size], [TypeId]) VALUES (N'abb138e3-1059-46e9-bb06-40d69529d7f9', N'955282c8-7503-4d02-b83b-0a2a7d394163', N'jpg', N'5304klB.jpg', CAST(N'2016-12-04 17:16:36.400' AS DateTime), 506931, N'39be05c8-d14a-4e10-a32e-cc3a29028516')
INSERT [dbo].[FilesContent] ([Id], [ObjectId], [FileExtension], [FileName], [DateCreating], [Size], [TypeId]) VALUES (N'f5a26af7-8563-44ce-965a-40e4fa18ae90', N'955282c8-7503-4d02-b83b-0a2a7d394163', N'jpg', N'5820-d-b_full.jpg', CAST(N'2016-12-04 17:16:36.397' AS DateTime), 563154, N'39be05c8-d14a-4e10-a32e-cc3a29028516')
INSERT [dbo].[FilesContent] ([Id], [ObjectId], [FileExtension], [FileName], [DateCreating], [Size], [TypeId]) VALUES (N'a1093d66-3878-4412-812b-444d07c72380', N'69c1b073-24d1-4ac8-80d4-7bc61b28fdb4', N'jpg', N'1.jpg', CAST(N'2016-12-02 15:10:26.317' AS DateTime), 85569, N'39be05c8-d14a-4e10-a32e-cc3a29028516')
INSERT [dbo].[FilesContent] ([Id], [ObjectId], [FileExtension], [FileName], [DateCreating], [Size], [TypeId]) VALUES (N'6de46d01-4e46-474b-a37e-479e4ff7ac06', N'a1499473-0781-45d4-82e3-f7eeb6ba28dc', N'jpg', N's1.jpg', CAST(N'2016-12-05 10:10:20.977' AS DateTime), 216849, N'46544cd6-5312-4664-8c02-37398fc487ea')
INSERT [dbo].[FilesContent] ([Id], [ObjectId], [FileExtension], [FileName], [DateCreating], [Size], [TypeId]) VALUES (N'010eec0f-f329-4236-afe3-4972cb8b0cfd', N'8dba4be5-21f5-4ab5-a48b-bb5107b1296a', N'jpg', N'hot.jpg', CAST(N'2016-12-04 19:25:39.240' AS DateTime), 85569, N'39be05c8-d14a-4e10-a32e-cc3a29028516')
INSERT [dbo].[FilesContent] ([Id], [ObjectId], [FileExtension], [FileName], [DateCreating], [Size], [TypeId]) VALUES (N'1729a5d8-4f8f-412f-8b2f-4b5e71a7085b', N'939f0925-fbd0-49ad-9317-dc6e53719939', N'jpg', N'Спальня МАГНА.jpg', CAST(N'2016-11-29 12:37:12.983' AS DateTime), 18086, N'39be05c8-d14a-4e10-a32e-cc3a29028516')
INSERT [dbo].[FilesContent] ([Id], [ObjectId], [FileExtension], [FileName], [DateCreating], [Size], [TypeId]) VALUES (N'ccb4bf59-f2dd-4164-bd92-4bbddfdcf4cf', N'f38330c9-0e1c-4dc0-bb45-f692f8e68fb0', N'png', N'o5.png', CAST(N'2016-11-29 12:31:46.380' AS DateTime), 3768, N'626d8db7-f195-4cb2-8b65-938ac78e967b')
INSERT [dbo].[FilesContent] ([Id], [ObjectId], [FileExtension], [FileName], [DateCreating], [Size], [TypeId]) VALUES (N'a2870186-a263-4008-a369-5a7c5fe2d8d0', N'd0144670-c496-4651-a2ff-16288e494261', N'jpg', N'магна.jpg', CAST(N'2016-11-29 12:34:47.707' AS DateTime), 19729, N'828a56e1-0689-4c9e-b366-3dc9cbed5ee1')
INSERT [dbo].[FilesContent] ([Id], [ObjectId], [FileExtension], [FileName], [DateCreating], [Size], [TypeId]) VALUES (N'0352153f-64d2-43b6-997d-5b1c4eea50f9', N'a1499473-0781-45d4-82e3-f7eeb6ba28dc', N'jpg', N's3.jpg', CAST(N'2016-12-05 10:10:32.040' AS DateTime), 196350, N'39be05c8-d14a-4e10-a32e-cc3a29028516')
INSERT [dbo].[FilesContent] ([Id], [ObjectId], [FileExtension], [FileName], [DateCreating], [Size], [TypeId]) VALUES (N'd316421d-46b9-4255-9b20-5cb3fb876356', N'b103d16d-a72e-4901-b7e8-b1ddd3cd3ac2', N'jpg', N'5844lb.jpg', CAST(N'2016-12-04 19:24:54.347' AS DateTime), 195360, N'46544cd6-5312-4664-8c02-37398fc487ea')
INSERT [dbo].[FilesContent] ([Id], [ObjectId], [FileExtension], [FileName], [DateCreating], [Size], [TypeId]) VALUES (N'5fd34f4b-cb9c-42df-8f98-61c608600af7', N'b103d16d-a72e-4901-b7e8-b1ddd3cd3ac2', N'jpg', N'1.jpg', CAST(N'2016-12-04 19:25:02.177' AS DateTime), 85803, N'39be05c8-d14a-4e10-a32e-cc3a29028516')
INSERT [dbo].[FilesContent] ([Id], [ObjectId], [FileExtension], [FileName], [DateCreating], [Size], [TypeId]) VALUES (N'31a4dc54-e13a-4492-bae6-65fcd113c1c8', N'4b450ac9-cdd2-47be-8d52-e808919b29f0', N'png', N'бамбук.png', CAST(N'2016-11-29 12:34:10.597' AS DateTime), 3175, N'626d8db7-f195-4cb2-8b65-938ac78e967b')
INSERT [dbo].[FilesContent] ([Id], [ObjectId], [FileExtension], [FileName], [DateCreating], [Size], [TypeId]) VALUES (N'bf5f594b-cf6e-4c07-a904-68c370118b60', N'a1499473-0781-45d4-82e3-f7eeb6ba28dc', N'jpg', N's2.jpg', CAST(N'2016-12-05 10:10:32.067' AS DateTime), 204444, N'39be05c8-d14a-4e10-a32e-cc3a29028516')
INSERT [dbo].[FilesContent] ([Id], [ObjectId], [FileExtension], [FileName], [DateCreating], [Size], [TypeId]) VALUES (N'90c0c908-b74d-4cc8-8a66-6a3dce8d9202', N'8dba4be5-21f5-4ab5-a48b-bb5107b1296a', N'jpg', N'bg-slider-2.jpg', CAST(N'2016-12-04 19:25:39.420' AS DateTime), 2307478, N'39be05c8-d14a-4e10-a32e-cc3a29028516')
INSERT [dbo].[FilesContent] ([Id], [ObjectId], [FileExtension], [FileName], [DateCreating], [Size], [TypeId]) VALUES (N'83c1bd35-1069-4af5-b490-6afdd8c1a39c', N'a1499473-0781-45d4-82e3-f7eeb6ba28dc', N'jpg', N's1.jpg', CAST(N'2016-12-05 10:10:32.040' AS DateTime), 216849, N'39be05c8-d14a-4e10-a32e-cc3a29028516')
INSERT [dbo].[FilesContent] ([Id], [ObjectId], [FileExtension], [FileName], [DateCreating], [Size], [TypeId]) VALUES (N'f47d134a-1c29-4c87-b155-6b427ae90718', N'69c1b073-24d1-4ac8-80d4-7bc61b28fdb4', N'jpg', N'1.jpg', CAST(N'2016-12-02 15:37:07.057' AS DateTime), 85569, N'427f142f-95ff-4592-9d57-846d5b6fbe92')
INSERT [dbo].[FilesContent] ([Id], [ObjectId], [FileExtension], [FileName], [DateCreating], [Size], [TypeId]) VALUES (N'6159638c-c16d-4e2f-8e0b-6f967d10bb2e', N'939f0925-fbd0-49ad-9317-dc6e53719939', N'jpg', N'Спальня магна2.jpg', CAST(N'2016-11-29 12:39:59.607' AS DateTime), 19822, N'828a56e1-0689-4c9e-b366-3dc9cbed5ee1')
INSERT [dbo].[FilesContent] ([Id], [ObjectId], [FileExtension], [FileName], [DateCreating], [Size], [TypeId]) VALUES (N'b89e744c-5bb3-4616-85d0-7004c3415152', N'e658afb4-ad28-4524-a1e3-d87ac0798359', N'jpg', N'bed.jpg', CAST(N'2016-12-02 13:07:34.080' AS DateTime), 315976, N'39be05c8-d14a-4e10-a32e-cc3a29028516')
INSERT [dbo].[FilesContent] ([Id], [ObjectId], [FileExtension], [FileName], [DateCreating], [Size], [TypeId]) VALUES (N'cedb00dd-4c05-46c8-a469-704ffc3f6696', N'bfb5f580-84d2-4424-bd1f-44d4331b396b', N'jpg', N'photo.jpg', CAST(N'2016-12-02 15:10:00.977' AS DateTime), 625338, N'39be05c8-d14a-4e10-a32e-cc3a29028516')
INSERT [dbo].[FilesContent] ([Id], [ObjectId], [FileExtension], [FileName], [DateCreating], [Size], [TypeId]) VALUES (N'7c15593c-4d4a-4c0e-9ef9-7615c1aace13', N'918deb24-8a57-4e37-8567-7f46728ed358', N'jpg', N'tumba.jpg', CAST(N'2016-12-04 19:28:35.093' AS DateTime), 53948, N'39be05c8-d14a-4e10-a32e-cc3a29028516')
INSERT [dbo].[FilesContent] ([Id], [ObjectId], [FileExtension], [FileName], [DateCreating], [Size], [TypeId]) VALUES (N'168a4fe0-58ea-49b3-9cfd-7d262edc0d2a', N'b475923f-dde6-42ce-a6ff-45c5f9525f52', N'jpg', N's1.jpg', CAST(N'2016-12-04 17:43:16.057' AS DateTime), 216849, N'39be05c8-d14a-4e10-a32e-cc3a29028516')
INSERT [dbo].[FilesContent] ([Id], [ObjectId], [FileExtension], [FileName], [DateCreating], [Size], [TypeId]) VALUES (N'cd330d69-3351-4fca-97cb-817b7e6e5dd8', N'554ba5d4-f931-4e0e-8fa7-e5223875df86', N'png', N'карбон.png', CAST(N'2016-11-29 12:33:38.530' AS DateTime), 2466, N'626d8db7-f195-4cb2-8b65-938ac78e967b')
INSERT [dbo].[FilesContent] ([Id], [ObjectId], [FileExtension], [FileName], [DateCreating], [Size], [TypeId]) VALUES (N'53c814f4-666a-4728-a8ed-8433b6d6c251', N'6825230d-f6e2-48c8-bd81-80eac4a7a5f0', N'jpg', N'Гостиная ВИОЛА.jpg', CAST(N'2016-11-29 12:36:26.750' AS DateTime), 16639, N'828a56e1-0689-4c9e-b366-3dc9cbed5ee1')
INSERT [dbo].[FilesContent] ([Id], [ObjectId], [FileExtension], [FileName], [DateCreating], [Size], [TypeId]) VALUES (N'3589cf66-d5a3-4058-805b-87574aeb9963', N'b103d16d-a72e-4901-b7e8-b1ddd3cd3ac2', N'jpg', N'3.jpg', CAST(N'2016-12-04 19:25:02.227' AS DateTime), 89611, N'39be05c8-d14a-4e10-a32e-cc3a29028516')
INSERT [dbo].[FilesContent] ([Id], [ObjectId], [FileExtension], [FileName], [DateCreating], [Size], [TypeId]) VALUES (N'ec3e0a9d-3778-42ae-9097-900bbc6f7211', N'bfb5f580-84d2-4424-bd1f-44d4331b396b', N'jpg', N'photo.jpg', CAST(N'2016-12-02 15:36:55.260' AS DateTime), 625338, N'427f142f-95ff-4592-9d57-846d5b6fbe92')
INSERT [dbo].[FilesContent] ([Id], [ObjectId], [FileExtension], [FileName], [DateCreating], [Size], [TypeId]) VALUES (N'b7c4abe7-2189-4c45-93cf-929a3ffa92b9', N'8304c398-afe0-480d-adeb-84d099db511d', N'jpg', N'5805_dub_bel  (1).jpg', CAST(N'2016-12-04 19:22:46.853' AS DateTime), 248262, N'46544cd6-5312-4664-8c02-37398fc487ea')
INSERT [dbo].[FilesContent] ([Id], [ObjectId], [FileExtension], [FileName], [DateCreating], [Size], [TypeId]) VALUES (N'b3634a21-c3c3-4a0d-9670-9914660f5c89', N'02dfb960-dff7-4bde-b5e6-8f665fc6f936', N'jpg', N'comod.jpg', CAST(N'2016-12-02 15:12:45.347' AS DateTime), 320770, N'39be05c8-d14a-4e10-a32e-cc3a29028516')
INSERT [dbo].[FilesContent] ([Id], [ObjectId], [FileExtension], [FileName], [DateCreating], [Size], [TypeId]) VALUES (N'ba837406-30b5-4f60-8401-999a8f0e8559', N'431d3e65-9a63-4bf3-acf2-f6d5da1f2188', N'jpg', N'tumba.jpg', CAST(N'2016-12-04 19:26:05.557' AS DateTime), 123309, N'46544cd6-5312-4664-8c02-37398fc487ea')
INSERT [dbo].[FilesContent] ([Id], [ObjectId], [FileExtension], [FileName], [DateCreating], [Size], [TypeId]) VALUES (N'439c870c-1fe5-4fb3-93b0-9a7f6cec1eb5', N'918deb24-8a57-4e37-8567-7f46728ed358', N'jpg', N'matras2.jpg', CAST(N'2016-12-04 19:28:35.093' AS DateTime), 81729, N'39be05c8-d14a-4e10-a32e-cc3a29028516')
INSERT [dbo].[FilesContent] ([Id], [ObjectId], [FileExtension], [FileName], [DateCreating], [Size], [TypeId]) VALUES (N'ff23d612-a5e2-45e3-8373-9bb120f26a17', N'5c884f0c-7245-496c-8b05-f8882ef297f3', N'jpg', N'comod1.jpg', CAST(N'2016-12-05 08:25:51.910' AS DateTime), 300953, N'39be05c8-d14a-4e10-a32e-cc3a29028516')
INSERT [dbo].[FilesContent] ([Id], [ObjectId], [FileExtension], [FileName], [DateCreating], [Size], [TypeId]) VALUES (N'c0052273-7926-4b49-879a-9bb2dc9b2e8e', N'431d3e65-9a63-4bf3-acf2-f6d5da1f2188', N'jpg', N'4.jpg', CAST(N'2016-12-04 19:26:16.610' AS DateTime), 79843, N'39be05c8-d14a-4e10-a32e-cc3a29028516')
INSERT [dbo].[FilesContent] ([Id], [ObjectId], [FileExtension], [FileName], [DateCreating], [Size], [TypeId]) VALUES (N'2e4669c4-9fd8-41a7-aa7c-9f2e987d77d6', N'612a42f9-2eae-4401-8631-c15a1235a4c8', N'png', N'безотделки.png', CAST(N'2016-11-29 12:34:01.673' AS DateTime), 1690, N'626d8db7-f195-4cb2-8b65-938ac78e967b')
INSERT [dbo].[FilesContent] ([Id], [ObjectId], [FileExtension], [FileName], [DateCreating], [Size], [TypeId]) VALUES (N'7a309c07-4aea-4a6b-9b5d-a12e50e7ad9b', N'a7d7457e-c6d8-4360-bfee-1c967c74d3cf', N'jpg', N'6.jpg', CAST(N'2016-12-02 15:13:59.753' AS DateTime), 73211, N'39be05c8-d14a-4e10-a32e-cc3a29028516')
INSERT [dbo].[FilesContent] ([Id], [ObjectId], [FileExtension], [FileName], [DateCreating], [Size], [TypeId]) VALUES (N'e3b3994d-443d-416b-ba20-a2ed8bfee686', N'8304c398-afe0-480d-adeb-84d099db511d', N'jpg', N'2.jpg', CAST(N'2016-12-04 19:23:07.450' AS DateTime), 2307478, N'39be05c8-d14a-4e10-a32e-cc3a29028516')
INSERT [dbo].[FilesContent] ([Id], [ObjectId], [FileExtension], [FileName], [DateCreating], [Size], [TypeId]) VALUES (N'abbba82f-8604-4e48-be02-a3fc58427e4c', N'431d3e65-9a63-4bf3-acf2-f6d5da1f2188', N'jpg', N'3.jpg', CAST(N'2016-12-04 19:26:16.610' AS DateTime), 88042, N'39be05c8-d14a-4e10-a32e-cc3a29028516')
INSERT [dbo].[FilesContent] ([Id], [ObjectId], [FileExtension], [FileName], [DateCreating], [Size], [TypeId]) VALUES (N'f2690faf-c1a3-4e7d-829d-a9aeddd2df6d', N'a1499473-0781-45d4-82e3-f7eeb6ba28dc', N'jpg', N's2.jpg', CAST(N'2016-12-04 19:27:16.373' AS DateTime), 204444, N'39be05c8-d14a-4e10-a32e-cc3a29028516')
INSERT [dbo].[FilesContent] ([Id], [ObjectId], [FileExtension], [FileName], [DateCreating], [Size], [TypeId]) VALUES (N'ed96a263-8263-4961-a0cc-aa166b1a5a9f', N'8dba4be5-21f5-4ab5-a48b-bb5107b1296a', N'jpg', N'bg-slider-3.jpg', CAST(N'2016-12-04 19:25:39.457' AS DateTime), 3652629, N'39be05c8-d14a-4e10-a32e-cc3a29028516')
INSERT [dbo].[FilesContent] ([Id], [ObjectId], [FileExtension], [FileName], [DateCreating], [Size], [TypeId]) VALUES (N'fc80c162-eeb9-4ccd-ad3e-ae2f7fc69b0a', N'c9589158-1d47-4982-a461-8f8269a28806', N'jpg', N'2.jpg', CAST(N'2016-12-04 19:24:35.920' AS DateTime), 82585, N'39be05c8-d14a-4e10-a32e-cc3a29028516')
INSERT [dbo].[FilesContent] ([Id], [ObjectId], [FileExtension], [FileName], [DateCreating], [Size], [TypeId]) VALUES (N'96428f7e-512b-45e0-b7d8-af0eb605626d', N'b103d16d-a72e-4901-b7e8-b1ddd3cd3ac2', N'jpg', N'4.jpg', CAST(N'2016-12-04 19:25:02.227' AS DateTime), 113870, N'39be05c8-d14a-4e10-a32e-cc3a29028516')
INSERT [dbo].[FilesContent] ([Id], [ObjectId], [FileExtension], [FileName], [DateCreating], [Size], [TypeId]) VALUES (N'40b9b32a-c52a-401c-8adc-b137b01791e2', N'8dba4be5-21f5-4ab5-a48b-bb5107b1296a', N'jpg', N'shkaf.jpg', CAST(N'2016-12-04 19:25:25.697' AS DateTime), 134384, N'46544cd6-5312-4664-8c02-37398fc487ea')
INSERT [dbo].[FilesContent] ([Id], [ObjectId], [FileExtension], [FileName], [DateCreating], [Size], [TypeId]) VALUES (N'cf82f60b-6c33-46ec-8df7-b3569b18731a', N'8304c398-afe0-480d-adeb-84d099db511d', N'jpg', N'3.jpg', CAST(N'2016-12-04 19:23:07.493' AS DateTime), 3652629, N'39be05c8-d14a-4e10-a32e-cc3a29028516')
INSERT [dbo].[FilesContent] ([Id], [ObjectId], [FileExtension], [FileName], [DateCreating], [Size], [TypeId]) VALUES (N'2092f8fe-719f-41f0-83a1-b788e0bac9c1', N'd36e1842-08f4-4060-97b2-76bfeee5118e', N'jpg', N'coupe.jpg', CAST(N'2016-12-05 08:39:45.350' AS DateTime), 358388, N'39be05c8-d14a-4e10-a32e-cc3a29028516')
INSERT [dbo].[FilesContent] ([Id], [ObjectId], [FileExtension], [FileName], [DateCreating], [Size], [TypeId]) VALUES (N'95081464-d0b0-4e12-addb-bb755d1a3c87', N'8304c398-afe0-480d-adeb-84d099db511d', N'jpg', N'5304kl_full.jpg', CAST(N'2016-12-02 09:18:15.113' AS DateTime), 1616029, N'39be05c8-d14a-4e10-a32e-cc3a29028516')
INSERT [dbo].[FilesContent] ([Id], [ObjectId], [FileExtension], [FileName], [DateCreating], [Size], [TypeId]) VALUES (N'9fe2c5ca-f487-4f01-884b-bc9cd18d4a11', N'c9589158-1d47-4982-a461-8f8269a28806', N'jpg', N'3.jpg', CAST(N'2016-12-04 19:24:35.893' AS DateTime), 89612, N'39be05c8-d14a-4e10-a32e-cc3a29028516')
INSERT [dbo].[FilesContent] ([Id], [ObjectId], [FileExtension], [FileName], [DateCreating], [Size], [TypeId]) VALUES (N'ebfd9c86-db29-46e6-a11e-bde49688c89e', N'955282c8-7503-4d02-b83b-0a2a7d394163', N'jpg', N'tumba.jpg', CAST(N'2016-12-12 16:47:36.390' AS DateTime), 53948, N'46544cd6-5312-4664-8c02-37398fc487ea')
INSERT [dbo].[FilesContent] ([Id], [ObjectId], [FileExtension], [FileName], [DateCreating], [Size], [TypeId]) VALUES (N'7076f2a5-87b6-4498-bb32-c074401eaf40', N'a1499473-0781-45d4-82e3-f7eeb6ba28dc', N'jpg', N's4.jpg', CAST(N'2016-12-05 10:10:32.040' AS DateTime), 559332, N'39be05c8-d14a-4e10-a32e-cc3a29028516')
INSERT [dbo].[FilesContent] ([Id], [ObjectId], [FileExtension], [FileName], [DateCreating], [Size], [TypeId]) VALUES (N'394f44f0-1eeb-4170-bba8-c89d7fe8158f', N'955282c8-7503-4d02-b83b-0a2a7d394163', N'jpg', N'tumba.jpg', CAST(N'2016-12-12 16:47:44.193' AS DateTime), 53948, N'39be05c8-d14a-4e10-a32e-cc3a29028516')
INSERT [dbo].[FilesContent] ([Id], [ObjectId], [FileExtension], [FileName], [DateCreating], [Size], [TypeId]) VALUES (N'94c490cd-de9f-48ad-92b6-cfb8ffc8087e', N'288b1222-d73d-4207-913b-1b9b269d1f78', N'png', N'глянец.png', CAST(N'2016-11-29 12:33:55.293' AS DateTime), 3837, N'626d8db7-f195-4cb2-8b65-938ac78e967b')
INSERT [dbo].[FilesContent] ([Id], [ObjectId], [FileExtension], [FileName], [DateCreating], [Size], [TypeId]) VALUES (N'46a714cd-5bb9-42f7-a9ad-d167645f350f', N'5666d10d-6578-43d1-8120-13165fcfc322', N'jpg', N'coupe.jpg', CAST(N'2016-12-02 15:12:09.307' AS DateTime), 358388, N'39be05c8-d14a-4e10-a32e-cc3a29028516')
INSERT [dbo].[FilesContent] ([Id], [ObjectId], [FileExtension], [FileName], [DateCreating], [Size], [TypeId]) VALUES (N'ad3edeb4-8683-46b4-b177-d3f1362146c0', N'd0144670-c496-4651-a2ff-16288e494261', N'jpg', N'photo.jpg', CAST(N'2016-12-02 13:07:21.183' AS DateTime), 625338, N'39be05c8-d14a-4e10-a32e-cc3a29028516')
INSERT [dbo].[FilesContent] ([Id], [ObjectId], [FileExtension], [FileName], [DateCreating], [Size], [TypeId]) VALUES (N'd0e9c85e-bb98-472f-8639-dc7e2c7b2657', N'b103d16d-a72e-4901-b7e8-b1ddd3cd3ac2', N'jpg', N'2.jpg', CAST(N'2016-12-04 19:25:02.177' AS DateTime), 80230, N'39be05c8-d14a-4e10-a32e-cc3a29028516')
INSERT [dbo].[FilesContent] ([Id], [ObjectId], [FileExtension], [FileName], [DateCreating], [Size], [TypeId]) VALUES (N'ae520036-7ea0-4636-90f0-e8b8c76cc665', N'c9589158-1d47-4982-a461-8f8269a28806', N'jpg', N'1.jpg', CAST(N'2016-12-04 19:24:35.893' AS DateTime), 83198, N'39be05c8-d14a-4e10-a32e-cc3a29028516')
INSERT [dbo].[FilesContent] ([Id], [ObjectId], [FileExtension], [FileName], [DateCreating], [Size], [TypeId]) VALUES (N'150f2eeb-2af2-4990-9414-ed53b3001c8c', N'c4c1bd4d-bf1d-44d9-8a14-a72d36097137', N'jpg', N'58748_337x217_417374b3b2fd87873d88616b7696af3d.jpg', CAST(N'2016-11-29 12:21:06.173' AS DateTime), 19729, N'828a56e1-0689-4c9e-b366-3dc9cbed5ee1')
INSERT [dbo].[FilesContent] ([Id], [ObjectId], [FileExtension], [FileName], [DateCreating], [Size], [TypeId]) VALUES (N'ea4ba6a9-deb3-400f-a5a8-ede18611891e', N'd2d93cf4-4027-4e4d-80a7-d3706cd9dfea', N'jpg', N'comod.jpg', CAST(N'2016-12-02 13:08:14.413' AS DateTime), 320770, N'39be05c8-d14a-4e10-a32e-cc3a29028516')
INSERT [dbo].[FilesContent] ([Id], [ObjectId], [FileExtension], [FileName], [DateCreating], [Size], [TypeId]) VALUES (N'c3b66556-f58d-49a6-8a1a-fa077fbea99c', N'918deb24-8a57-4e37-8567-7f46728ed358', N'jpg', N'reshetka.jpg', CAST(N'2016-12-04 19:28:35.097' AS DateTime), 132921, N'39be05c8-d14a-4e10-a32e-cc3a29028516')
INSERT [dbo].[FilesContent] ([Id], [ObjectId], [FileExtension], [FileName], [DateCreating], [Size], [TypeId]) VALUES (N'969efd7d-7bec-474b-8311-fb29f760924f', N'955282c8-7503-4d02-b83b-0a2a7d394163', N'jpg', N'5304kl_full.jpg', CAST(N'2016-12-04 17:16:36.453' AS DateTime), 1616029, N'39be05c8-d14a-4e10-a32e-cc3a29028516')
INSERT [dbo].[FilesContent] ([Id], [ObjectId], [FileExtension], [FileName], [DateCreating], [Size], [TypeId]) VALUES (N'c262bbe2-ebe6-45ee-b2c6-feb232af4c03', N'431d3e65-9a63-4bf3-acf2-f6d5da1f2188', N'jpg', N'1.jpg', CAST(N'2016-12-04 19:26:16.573' AS DateTime), 78895, N'39be05c8-d14a-4e10-a32e-cc3a29028516')
INSERT [dbo].[FilesContent] ([Id], [ObjectId], [FileExtension], [FileName], [DateCreating], [Size], [TypeId]) VALUES (N'5d190073-fdcf-4136-bb3e-ff3ae6ac787e', N'3ee1e423-2b8d-4f04-9d05-ae8b87558d6f', N'jpg', N'Гостиная ВИОЛА2.jpg', CAST(N'2016-11-29 12:36:49.293' AS DateTime), 16495, N'828a56e1-0689-4c9e-b366-3dc9cbed5ee1')
INSERT [dbo].[FilesContent] ([Id], [ObjectId], [FileExtension], [FileName], [DateCreating], [Size], [TypeId]) VALUES (N'b8f0b72d-eb29-487b-ac5c-ffe792a0e418', N'be89fe8e-cbe7-44a2-a8c2-c0f00193501a', N'png', N'дуб беленый.png', CAST(N'2016-11-29 12:27:44.467' AS DateTime), 4603, N'626d8db7-f195-4cb2-8b65-938ac78e967b')
INSERT [dbo].[Prices] ([Id], [Value], [PriceForAssembly], [Discount], [PriceZoneId], [ProductId], [CollectionVariantId], [CurrencyCode]) VALUES (N'6a55abdf-ee54-4eef-bc53-0c4455ded24b', CAST(4000.00 AS Decimal(18, 2)), CAST(400.00 AS Decimal(18, 2)), CAST(40.00 AS Decimal(18, 2)), N'6d021fb3-4611-403e-929f-f04f7036e937', N'8304c398-afe0-480d-adeb-84d099db511d', NULL, N'RUB')
INSERT [dbo].[Prices] ([Id], [Value], [PriceForAssembly], [Discount], [PriceZoneId], [ProductId], [CollectionVariantId], [CurrencyCode]) VALUES (N'a13ff0e9-35bd-479f-b837-180d8b573017', CAST(20000.00 AS Decimal(18, 2)), CAST(200.00 AS Decimal(18, 2)), CAST(20.00 AS Decimal(18, 2)), N'6d021fb3-4611-403e-929f-f04f7036e937', NULL, N'd0144670-c496-4651-a2ff-16288e494261', N'RUB')
INSERT [dbo].[Prices] ([Id], [Value], [PriceForAssembly], [Discount], [PriceZoneId], [ProductId], [CollectionVariantId], [CurrencyCode]) VALUES (N'c3ae9b28-1d8d-4b9f-acde-1a8557bfa9fe', CAST(8000.00 AS Decimal(18, 2)), CAST(800.00 AS Decimal(18, 2)), CAST(15.00 AS Decimal(18, 2)), N'6d021fb3-4611-403e-929f-f04f7036e937', N'431d3e65-9a63-4bf3-acf2-f6d5da1f2188', NULL, N'RUB')
INSERT [dbo].[Prices] ([Id], [Value], [PriceForAssembly], [Discount], [PriceZoneId], [ProductId], [CollectionVariantId], [CurrencyCode]) VALUES (N'58edf244-a1dd-4400-a822-2bb042ecda92', CAST(1000.00 AS Decimal(18, 2)), CAST(100.00 AS Decimal(18, 2)), CAST(10.00 AS Decimal(18, 2)), N'6d021fb3-4611-403e-929f-f04f7036e937', N'955282c8-7503-4d02-b83b-0a2a7d394163', NULL, N'RUB')
INSERT [dbo].[Prices] ([Id], [Value], [PriceForAssembly], [Discount], [PriceZoneId], [ProductId], [CollectionVariantId], [CurrencyCode]) VALUES (N'bc27d188-e9fc-4f07-8008-348e25d747f3', CAST(7000.00 AS Decimal(18, 2)), CAST(700.00 AS Decimal(18, 2)), CAST(70.00 AS Decimal(18, 2)), N'6d021fb3-4611-403e-929f-f04f7036e937', N'8dba4be5-21f5-4ab5-a48b-bb5107b1296a', NULL, N'RUB')
INSERT [dbo].[Prices] ([Id], [Value], [PriceForAssembly], [Discount], [PriceZoneId], [ProductId], [CollectionVariantId], [CurrencyCode]) VALUES (N'8f14fe6f-2019-4a5d-9e56-37cbbb0a03e4', CAST(6000.00 AS Decimal(18, 2)), CAST(600.00 AS Decimal(18, 2)), CAST(60.00 AS Decimal(18, 2)), N'6d021fb3-4611-403e-929f-f04f7036e937', N'b103d16d-a72e-4901-b7e8-b1ddd3cd3ac2', NULL, N'RUB')
INSERT [dbo].[Prices] ([Id], [Value], [PriceForAssembly], [Discount], [PriceZoneId], [ProductId], [CollectionVariantId], [CurrencyCode]) VALUES (N'b1bcec41-b186-4905-8c25-45f41b025c2b', CAST(2000.00 AS Decimal(18, 2)), CAST(200.00 AS Decimal(18, 2)), CAST(20.00 AS Decimal(18, 2)), N'6d021fb3-4611-403e-929f-f04f7036e937', N'b475923f-dde6-42ce-a6ff-45c5f9525f52', NULL, N'RUB')
INSERT [dbo].[Prices] ([Id], [Value], [PriceForAssembly], [Discount], [PriceZoneId], [ProductId], [CollectionVariantId], [CurrencyCode]) VALUES (N'854a7ee7-bc05-4a44-b0c7-6e488e4d5267', CAST(1000.00 AS Decimal(18, 2)), CAST(100.00 AS Decimal(18, 2)), CAST(10.00 AS Decimal(18, 2)), N'6d021fb3-4611-403e-929f-f04f7036e937', NULL, N'bfb5f580-84d2-4424-bd1f-44d4331b396b', N'RUB')
INSERT [dbo].[Prices] ([Id], [Value], [PriceForAssembly], [Discount], [PriceZoneId], [ProductId], [CollectionVariantId], [CurrencyCode]) VALUES (N'75d2e75e-602e-4db0-b21a-7707b5f369de', CAST(3000.00 AS Decimal(18, 2)), CAST(300.00 AS Decimal(18, 2)), CAST(30.00 AS Decimal(18, 2)), N'6d021fb3-4611-403e-929f-f04f7036e937', N'918deb24-8a57-4e37-8567-7f46728ed358', NULL, N'RUB')
INSERT [dbo].[Prices] ([Id], [Value], [PriceForAssembly], [Discount], [PriceZoneId], [ProductId], [CollectionVariantId], [CurrencyCode]) VALUES (N'bad9966b-0a96-45c7-ba7a-790c43c03306', CAST(1000.00 AS Decimal(18, 2)), CAST(100.00 AS Decimal(18, 2)), CAST(10.00 AS Decimal(18, 2)), N'6d021fb3-4611-403e-929f-f04f7036e937', NULL, N'939f0925-fbd0-49ad-9317-dc6e53719939', N'RUB')
INSERT [dbo].[Prices] ([Id], [Value], [PriceForAssembly], [Discount], [PriceZoneId], [ProductId], [CollectionVariantId], [CurrencyCode]) VALUES (N'81ca5401-3259-4d98-b023-7d6a4e9e35b4', CAST(10000.00 AS Decimal(18, 2)), CAST(100.00 AS Decimal(18, 2)), CAST(10.00 AS Decimal(18, 2)), N'6d021fb3-4611-403e-929f-f04f7036e937', NULL, N'69c1b073-24d1-4ac8-80d4-7bc61b28fdb4', N'RUB')
INSERT [dbo].[Prices] ([Id], [Value], [PriceForAssembly], [Discount], [PriceZoneId], [ProductId], [CollectionVariantId], [CurrencyCode]) VALUES (N'b8f73b25-ac7c-490f-8f4c-8151e92bbc1f', CAST(1000.00 AS Decimal(18, 2)), CAST(100.00 AS Decimal(18, 2)), CAST(10.00 AS Decimal(18, 2)), N'6d021fb3-4611-403e-929f-f04f7036e937', NULL, N'3ee1e423-2b8d-4f04-9d05-ae8b87558d6f', N'RUB')
INSERT [dbo].[Prices] ([Id], [Value], [PriceForAssembly], [Discount], [PriceZoneId], [ProductId], [CollectionVariantId], [CurrencyCode]) VALUES (N'8181b7ff-e740-4cc2-b3e0-ce2c6d409c67', CAST(9000.00 AS Decimal(18, 2)), CAST(900.00 AS Decimal(18, 2)), CAST(9.00 AS Decimal(18, 2)), N'6d021fb3-4611-403e-929f-f04f7036e937', N'a1499473-0781-45d4-82e3-f7eeb6ba28dc', NULL, N'RUB')
INSERT [dbo].[Prices] ([Id], [Value], [PriceForAssembly], [Discount], [PriceZoneId], [ProductId], [CollectionVariantId], [CurrencyCode]) VALUES (N'29ca25ab-db05-4e04-bf24-e5f2fc17b6b7', CAST(5000.00 AS Decimal(18, 2)), CAST(500.00 AS Decimal(18, 2)), CAST(50.00 AS Decimal(18, 2)), N'6d021fb3-4611-403e-929f-f04f7036e937', N'c9589158-1d47-4982-a461-8f8269a28806', NULL, N'RUB')
INSERT [dbo].[Prices] ([Id], [Value], [PriceForAssembly], [Discount], [PriceZoneId], [ProductId], [CollectionVariantId], [CurrencyCode]) VALUES (N'a261d139-ce01-439a-89f8-f6e1ceaf3a63', CAST(1000.00 AS Decimal(18, 2)), CAST(100.00 AS Decimal(18, 2)), CAST(10.00 AS Decimal(18, 2)), N'6d021fb3-4611-403e-929f-f04f7036e937', NULL, N'6825230d-f6e2-48c8-bd81-80eac4a7a5f0', N'RUB')



-- insert admin to profile
INSERT INTO [dbo].[UsersProfiles]([Id],[LinkId],[Title],[Email],[FirstName],[LastName],[SyncCode1C],[CityId],[Showroom_Id],[MiddleName])
     VALUES('1c7ff1e3-24b0-4e34-991c-d5930a7a9a2f','1c7ff1e3-24b0-4e34-991c-d5930a7a9a2f','Admin','kobyb@mail.ru','Admin','Admin',null,null,null,'Admin')
